country,countrycode,year,month,cpi_sa,ind_prod_const,ind_prod_const_sa
Malaysia,MYS,1998,2,76.09022996,4526050472,4769492746
Malaysia,MYS,1998,3,76.82332675,4951316960,4914485618
Malaysia,MYS,1998,4,77.00424303,4971567745,4868502881
Malaysia,MYS,1998,5,77.12697251,4860188427,4805826012
Malaysia,MYS,1998,6,77.91151868,4688056753,4825304161
Malaysia,MYS,1998,7,77.77853961,4931066175,4809552908
Malaysia,MYS,1998,8,78.01638058,4738683716,4722158011
Malaysia,MYS,1998,9,78.16172467,4677931361,4643792740
Malaysia,MYS,1998,10,78.24086489,4910815389,4720454836
Malaysia,MYS,1998,11,78.68287995,4627304398,4710596404
Malaysia,MYS,1998,12,78.72535445,4910815389,4718824142
Malaysia,MYS,1999,1,79.1702628,4424796547,4577605079
Malaysia,MYS,1999,2,79.02000271,4677931361,4915194677
Malaysia,MYS,1999,3,79.13469413,5082947063,5002587559
Malaysia,MYS,1999,4,79.19477377,5184200988,5085847533
Malaysia,MYS,1999,5,79.450811,5163950203,5122870067
Malaysia,MYS,1999,6,79.51175119,5123448633,5287713714
Malaysia,MYS,1999,7,79.68176998,5356332662,5226599532
Malaysia,MYS,1999,8,79.72809673,5356332662,5346821916
Malaysia,MYS,1999,9,79.78857431,5649969046,5607040111
Malaysia,MYS,1999,10,79.86545198,5589216691,5368556091
Malaysia,MYS,1999,11,79.96049006,5649969046,5740166948
Malaysia,MYS,1999,12,80.70039914,5832226112,5607768414
Malaysia,MYS,2000,1,80.4619023,5558840513,5764358979
Malaysia,MYS,2000,2,80.36757654,5771473757,6048894182
Malaysia,MYS,2000,3,80.47212007,6186614851,6058623142
Malaysia,MYS,2000,4,80.4993427,6105611711,6001567174
Malaysia,MYS,2000,5,80.57748505,6267617992,6233235393
Malaysia,MYS,2000,6,80.72033037,6216991029,6434510406
Malaysia,MYS,2000,7,80.88160121,6470125843,6306386499
Malaysia,MYS,2000,8,81.02852965,6348621132,6333655985
Malaysia,MYS,2000,9,81.0786453,6561254376,6502624492
Malaysia,MYS,2000,10,81.37628859,6723260657,6460493213
Malaysia,MYS,2000,11,81.32632817,6338495740,6427649508
Malaysia,MYS,2000,12,81.55713144,6632132124,6403418349
Malaysia,MYS,2001,1,81.66904869,6186614851,6422248674
Malaysia,MYS,2001,2,81.62857128,5872727682,6138228026
Malaysia,MYS,2001,3,81.72883328,6186614851,6038041368
Malaysia,MYS,2001,4,81.81677522,6004357785,5914523899
Malaysia,MYS,2001,5,81.81584306,6014483178,5989856683
Malaysia,MYS,2001,6,81.929318,5619592868,5824089142
Malaysia,MYS,2001,7,81.9735136,6095486318,5931530020
Malaysia,MYS,2001,8,82.02284321,6004357785,5986412987
Malaysia,MYS,2001,9,82.14476761,5953730823,5888708788
Malaysia,MYS,2001,10,82.14441207,6156238674,5916857072
Malaysia,MYS,2001,11,82.4929789,5984107000,6079678420
Malaysia,MYS,2001,12,82.52576559,5994232393,5805833668
Malaysia,MYS,2002,1,82.58715476,5852476897,6053067095
Malaysia,MYS,2002,2,82.69761593,5984107000,6270007590
Malaysia,MYS,2002,3,83.49805806,6034733963,5876161106
Malaysia,MYS,2002,4,83.35827958,6277743384,6193490269
Malaysia,MYS,2002,5,83.44663067,6308119562,6288083541
Malaysia,MYS,2002,6,83.64103461,5943605430,6155216048
Malaysia,MYS,2002,7,83.66233121,6601755946,6421210345
Malaysia,MYS,2002,8,83.70473037,6399248095,6358970549
Malaysia,MYS,2002,9,83.80155479,6500502021,6426448725
Malaysia,MYS,2002,10,83.80379037,6642257516,6388552295
Malaysia,MYS,2002,11,83.76132282,6358746525,6472464537
Malaysia,MYS,2002,12,83.82050148,6480251236,6303152975
Malaysia,MYS,2003,1,83.93843579,6105611711,6289271261
Malaysia,MYS,2003,2,84.06334741,6500502021,6835518502
Malaysia,MYS,2003,3,84.06339889,6561254376,6363943113
Malaysia,MYS,2003,4,84.19769544,6662508302,6589373614
Malaysia,MYS,2003,5,84.27487187,7016897041,7011290350
Malaysia,MYS,2003,6,84.23249327,6480251236,6672159684
Malaysia,MYS,2003,7,84.33310265,7128276359,6942611524
Malaysia,MYS,2003,8,84.47029725,6915643115,6846861711
Malaysia,MYS,2003,9,84.54682142,7067524004,6991244619
Malaysia,MYS,2003,10,84.44018789,7391536566,7119859582
Malaysia,MYS,2003,11,84.63845394,7108025574,7252558534
Malaysia,MYS,2003,12,84.84079168,7442163528,7253972460
Malaysia,MYS,2004,1,84.78223065,7361160388,7541322203
Malaysia,MYS,2004,2,84.83099662,7199154107,7627517032
Malaysia,MYS,2004,3,84.93533228,7847179231,7579516088
Malaysia,MYS,2004,4,85.05948128,7644671379,7577990718
Malaysia,MYS,2004,5,85.20385377,7695298342,7703268161
Malaysia,MYS,2004,6,85.32665274,7634545987,7792623937
Malaysia,MYS,2004,7,85.48743721,7897806193,7715617659
Malaysia,MYS,2004,8,85.60301034,7877555408,7773923604
Malaysia,MYS,2004,9,85.8829796,7725674520,7650952419
Malaysia,MYS,2004,10,86.49680709,7948433156,7686826683
Malaysia,MYS,2004,11,86.52217454,7310533425,7464722106
Malaysia,MYS,2004,12,86.67151694,7928182371,7736022804
Malaysia,MYS,2005,1,86.93604787,7725674520,7868897814
Malaysia,MYS,2005,2,87.01701042,7148527144,7624318900
Malaysia,MYS,2005,3,87.23796543,8272445718,7951114744
Malaysia,MYS,2005,4,87.35209508,7796552268,7765433064
Malaysia,MYS,2005,5,87.96167521,7786426875,7810026878
Malaysia,MYS,2005,6,88.01515031,7897806193,7992345931
Malaysia,MYS,2005,7,87.92041841,8019310904,7853739190
Malaysia,MYS,2005,8,88.60919984,8201567970,8070173416
Malaysia,MYS,2005,9,88.80068279,8221818755,8151251359
Malaysia,MYS,2005,10,89.14017164,8373699643,8137430646
Malaysia,MYS,2005,11,89.33657747,7918056978,8077813705
Malaysia,MYS,2005,12,89.54067637,8059812474,7859983436
Malaysia,MYS,2006,1,89.79613022,8090188652,8192603991
Malaysia,MYS,2006,2,89.90712326,7705423735,8276808552
Malaysia,MYS,2006,3,91.45122998,8687586813,8334994807
Malaysia,MYS,2006,4,91.37338182,8150941007,8147453029
Malaysia,MYS,2006,5,91.43213511,8272445718,8302498556
Malaysia,MYS,2006,6,91.50353145,8434451999,8493311617
Malaysia,MYS,2006,7,91.45360657,8525580532,8352899225
Malaysia,MYS,2006,8,91.39538223,8606583672,8443787245
Malaysia,MYS,2006,9,91.60513541,8474953569,8417010748
Malaysia,MYS,2006,10,91.79706403,8221818755,8013522712
Malaysia,MYS,2006,11,92.05665316,8505329747,8669951147
Malaysia,MYS,2006,12,92.41404287,8535705924,8342556277
Malaysia,MYS,2007,1,92.76932496,8404075821,8463316293
Malaysia,MYS,2007,2,92.7866637,7594044417,8188729791
Malaysia,MYS,2007,3,92.92398244,8596458280,8232332003
Malaysia,MYS,2007,4,92.85530921,8312947288,8339982048
Malaysia,MYS,2007,5,92.78615809,8535705924,8555377892
Malaysia,MYS,2007,6,92.78526658,8414201214,8460038322
Malaysia,MYS,2007,7,92.89996083,8667336028,8484906909
Malaysia,MYS,2007,8,93.09960182,8667336028,8498097904
Malaysia,MYS,2007,9,93.21923317,8606583672,8563474923
Malaysia,MYS,2007,10,93.56147988,8647085242,8436572002
Malaysia,MYS,2007,11,94.20376815,8758464561,8916958360
Malaysia,MYS,2007,12,94.58481866,9153354870,8965249727
Malaysia,MYS,2008,1,94.91304368,9224232618,9254796657
Malaysia,MYS,2008,2,95.22386307,8353448858,9028027281
Malaysia,MYS,2008,3,95.44995425,8859718486,8481663993
Malaysia,MYS,2008,4,95.7115279,8697712205,8740231033
Malaysia,MYS,2008,5,96.33218676,8748339168,8739348484
Malaysia,MYS,2008,6,99.91737076,8596458280,8642173554
Malaysia,MYS,2008,7,100.8151871,9072351730,8882599334
Malaysia,MYS,2008,8,100.9701448,8829342308,8669796154
Malaysia,MYS,2008,9,100.805813,8525580532,8500353435
Malaysia,MYS,2008,10,100.6801003,8424326606,8215253690
Malaysia,MYS,2008,11,99.56142482,8090188652,8246996043
Malaysia,MYS,2008,12,98.82683636,7705423735,7549913877
Malaysia,MYS,2009,1,98.62921592,7604169809,7604489703
Malaysia,MYS,2009,2,98.83222067,7320658818,7913381284
Malaysia,MYS,2009,3,98.84358863,7745925305,7391947994
Malaysia,MYS,2009,4,98.62763502,7685172950,7744218018
Malaysia,MYS,2009,5,98.54869416,7776301483,7752843939
Malaysia,MYS,2009,6,98.53529408,7776301483,7815467576
Malaysia,MYS,2009,7,98.46256564,8353448858,8197244315
Malaysia,MYS,2009,8,98.49154442,8201567970,8084799439
Malaysia,MYS,2009,9,98.82598439,7999060119,7978665102
Malaysia,MYS,2009,10,99.16225987,8495204354,8258868006
Malaysia,MYS,2009,11,99.48525625,8059812474,8219213129
Malaysia,MYS,2009,12,99.83306325,8282571110,8106934826
Malaysia,MYS,2010,1,100.0,8606583672,8606583672
Malaysia,MYS,2010,2,99.98404938,7776301483,8409547743
Malaysia,MYS,2010,3,100.1606228,8960972412,8534774761
Malaysia,MYS,2010,4,100.1950561,8312947288,8377561856
Malaysia,MYS,2010,5,100.2370326,8738213775,8702678880
Malaysia,MYS,2010,6,100.1860177,8495204354,8526913424
Malaysia,MYS,2010,7,100.376633,8535705924,8410585335
Malaysia,MYS,2010,8,100.5933393,8454702784,8379146922
Malaysia,MYS,2010,9,100.7181014,8485078962,8462098384
Malaysia,MYS,2010,10,101.0602316,8738213775,8454656897
Malaysia,MYS,2010,11,101.3855159,8414201214,8580874253
Malaysia,MYS,2010,12,101.9069695,8677461420,8473365721
Malaysia,MYS,2011,1,102.3511031,8697712205,8708728728
Malaysia,MYS,2011,2,102.8398666,8049687082,8710532497
Malaysia,MYS,2011,3,103.0855024,9092602515,8642814817
Malaysia,MYS,2011,4,103.354126,8495204354,8566108560
Malaysia,MYS,2011,5,103.5333984,8333198073,8290529105
Malaysia,MYS,2011,6,103.7551876,8768589953,8780025297
Malaysia,MYS,2011,7,103.9110958,8748339168,8666330493
Malaysia,MYS,2011,8,104.0263463,8920470841,8904331926
Malaysia,MYS,2011,9,104.2386824,8819216916,8786693417
Malaysia,MYS,2011,10,104.4538013,9021724767,8693606128
Malaysia,MYS,2011,11,104.6583275,8657210635,8801094760
Malaysia,MYS,2011,12,104.8661934,9021724767,8765938744
Malaysia,MYS,2012,1,105.0222619,8910345449,8940917864
Malaysia,MYS,2012,2,104.9978226,8778715346,9519362749
Malaysia,MYS,2012,3,105.1409732,9386238899,8940518208
Malaysia,MYS,2012,4,105.1989302,8667336028,8735444440
Malaysia,MYS,2012,5,105.3338908,8900220056,8843214297
Malaysia,MYS,2012,6,105.405625,9001473982,8986873369
Malaysia,MYS,2012,7,105.4110654,8697712205,8651893743
Malaysia,MYS,2012,8,105.5278148,8960972412,9001784031
Malaysia,MYS,2012,9,105.7664679,9264734188,9224676901
Malaysia,MYS,2012,10,105.8489658,9629248320,9266396987
Malaysia,MYS,2012,11,105.9749781,9497618217,9618483473
Malaysia,MYS,2012,12,106.0845028,9335611936,9016243627
Malaysia,MYS,2013,1,106.4047788,9224232618,9255084084
Malaysia,MYS,2013,2,106.5842694,8393950429,9116465271
Malaysia,MYS,2013,3,106.8557714,9467242039,9054624806
Malaysia,MYS,2013,4,106.9813927,9214107226,9298514766
Malaysia,MYS,2013,5,107.2529653,9416615077,9357399392
Malaysia,MYS,2013,6,107.3411667,9335611936,9289493049
Malaysia,MYS,2013,7,107.5627889,9639373713,9608729343
Malaysia,MYS,2013,8,107.5641809,9284984973,9377170244
Malaysia,MYS,2013,9,108.5686009,9467242039,9418285782
Malaysia,MYS,2013,10,108.7735245,9831756171,9451720115
Malaysia,MYS,2013,11,108.9964437,9629248320,9705533419
Malaysia,MYS,2013,12,109.4362547,9821630779,9447052029
Malaysia,MYS,2014,1,110.0377589,9497618217,9519736959
Malaysia,MYS,2014,2,110.2889598,8971097804,9752391088
Malaysia,MYS,2014,3,110.5856827,9892508527,9525960136
Malaysia,MYS,2014,4,110.5831232,9659624498,9761185639
Malaysia,MYS,2014,5,110.6871039,9983637060,9925958112
Malaysia,MYS,2014,6,110.8916572,9963386275,9885488119
Malaysia,MYS,2014,7,110.9982376,9700126068,9661923197
Malaysia,MYS,2014,8,111.0669027,9902633919,10021375118
Malaysia,MYS,2014,9,111.4518185,9993762452,9950912588
Malaysia,MYS,2014,10,111.8387567,10358276584,9960744356
Malaysia,MYS,2014,11,112.237827,10105141770,10147591040
Malaysia,MYS,2014,12,112.2944708,10540533650,10127288749
Malaysia,MYS,2015,1,111.1356815,10226646481,10216223365
Malaysia,MYS,2015,2,110.381344,9193856440,9993691767
Malaysia,MYS,2015,3,111.592329,10297524229,9973461622
Malaysia,MYS,2015,4,112.5942681,9821630779,9953231477
Malaysia,MYS,2015,5,113.0059375,10196270303,10135302784
Malaysia,MYS,2015,6,113.7437611,10216521089,10104957566
Malaysia,MYS,2015,7,114.6206472,10165894126,10125187712
Malaysia,MYS,2015,8,114.4496737,9943135490,10064497276
Malaysia,MYS,2015,9,114.4200536,10277273444,10246568583
Malaysia,MYS,2015,10,114.7228048,10591160613,10195993220
Malaysia,MYS,2015,11,115.1027403,10074765593,10094842494
Malaysia,MYS,2015,12,115.2714889,10489906688,10074612348
Malaysia,MYS,2016,1,115.050443,10560784435,10661286561
Malaysia,MYS,2016,2,114.9781589,9578621358,10064497276
Malaysia,MYS,2016,3,114.5038589,10560784435,10256683656
Malaysia,MYS,2016,4,114.9930041,10105141770,10337604237
Malaysia,MYS,2016,5,115.3185172,10489906688,10418524818
Malaysia,MYS,2016,6,115.59121,10763292287,10600596126
Malaysia,MYS,2016,7,115.8291844,10550659043,10630941343
Malaysia,MYS,2016,8,116.1261486,10439279725,10529790617
Malaysia,MYS,2016,9,116.17185,10591160613,10509560472
Malaysia,MYS,2016,10,116.4122475,11056928671,10802897578
Malaysia,MYS,2016,11,117.0919161,10773417679,10772552360
Malaysia,MYS,2016,12,117.1541256,11026552493,10641056416
Malaysia,MYS,2017,1,118.6393823,10925298567,11015314104
Malaysia,MYS,2017,2,120.0742407,10024138630,10914163377
Malaysia,MYS,2017,3,120.1253423,11006301708,10661286561
Malaysia,MYS,2017,4,119.9235941,10469655902,10742207143
Malaysia,MYS,2017,5,119.7353133,10965800138,10904048305
Malaysia,MYS,2017,6,119.5348645,11117681026,11035544249
Malaysia,MYS,2017,7,119.4515019,11198684166,11156925121
Malaysia,MYS,2017,8,120.3274876,11148057204,11187270339
Malaysia,MYS,2017,9,121.0364884,11107555633,11086119612
Malaysia,MYS,2017,10,120.7951696,11401192018,11146810048
Malaysia,MYS,2017,11,121.0971826,11269561914,11197385411
Malaysia,MYS,2017,12,121.3586723,11350565055,11005199031
Malaysia,MYS,2018,1,121.8388848,11522696728,11581758172
Malaysia,MYS,2018,2,121.7657465,10327900407,11076004540
Malaysia,MYS,2018,3,121.6133745,11350565055,11045659322
Malaysia,MYS,2018,4,121.6352427,10945549353,11217615557
