entity,code,year,emissions_total_per_capita,gdp_per_capita,population
Japan,JPN,2019,8.725205,38332.934,126699371.0
Kazakhstan,KAZ,2019,14.330919,26026.064,19209498.0
Slovakia,SVK,2019,6.206926,27429.225,5450575.0
Sierra Leone,SLE,2019,0.12984261,1707.3713,7731946.0
Chad,TCD,2019,0.13781506,1543.8029,16685179.0
Azerbaijan,AZE,2019,3.7333274,17029.906,10110446.0
Uganda,UGA,2019,0.13398354,2128.9087,42999589.0
Montserrat,MSR,2019,4.8594165,,4524.0
Greenland,GRL,2019,9.906785,,56064.0
Tuvalu,TUV,2019,1.0412049,,10557.0
Philippines,PHL,2019,1.2953051,8602.1455,110804629.0
Guatemala,GTM,2019,1.128632,7565.846,17103759.0
Kenya,KEN,2019,0.38661912,3207.2622,51202787.0
Mayotte,MYT,2019,,,274870.0
Israel,ISR,2019,6.775189,33951.89,8657420.0
Portugal,PRT,2019,4.600439,28056.057,10343168.0
Djibouti,DJI,2019,0.49899417,3436.9502,1088656.0
Burkina Faso,BFA,2019,0.2681528,1651.1173,20961910.0
Cote d'Ivoire,CIV,2019,0.37367776,3703.0876,28192957.0
Congo,COG,2019,1.2985791,4583.337,5616598.0
Dominica,DMA,2019,2.5376952,9575.093,67860.0
Comoros,COM,2019,0.3959646,1832.4357,786535.0
Mali,MLI,2019,0.27684134,1706.0105,21068368.0
Romania,ROU,2019,3.9205754,23267.516,19501499.0
Netherlands,NLD,2019,8.691241,48142.67,17537460.0
Italy,ITA,2019,5.6483135,35407.242,60130080.0
South Korea,KOR,2019,12.480777,38935.992,51767790.0
Costa Rica,CRI,2019,1.5398297,14775.292,4999502.0
Curacao,CUW,2019,11.891082,,189500.0
Grenada,GRD,2019,2.8441563,,115943.0
Belarus,BLR,2019,6.5812345,19130.395,9435364.0
Taiwan,TWN,2019,11.592632,47200.254,23674088.0
Turks and Caicos Islands,TCA,2019,8.407761,,43143.0
Bangladesh,BGD,2019,0.5748978,4242.7515,164913011.0
Jamaica,JAM,2019,3.356447,7641.0815,2823227.0
Sri Lanka,LKA,2019,0.9475737,11939.55,22410495.0
Niger,NER,2019,0.10952571,964.32434,22947717.0
Suriname,SUR,2019,4.3514423,,605727.0
Malawi,MWI,2019,0.09044499,1205.477,19025698.0
Samoa,WSM,2019,1.2926443,,209753.0
South Sudan,SSD,2019,0.17083813,,10423340.0
Syria,SYR,2019,1.3463072,3385.4192,20353478.0
Cape Verde,CPV,2019,1.2259234,7297.2793,514068.0
Puerto Rico,PRI,2019,,35041.33,3287976.0
Palestine,PSE,2019,0.65849155,5176.9795,4957731.0
Saint Martin (French part),MAF,2019,,,34243.0
Guinea,GIN,2019,0.30081806,1690.8837,13034294.0
Bolivia,BOL,2019,1.9368082,6730.809,11671329.0
Burundi,BDI,2019,0.05620691,738.9831,12255290.0
Mauritius,MUS,2019,3.515224,21624.842,1286227.0
Guinea-Bissau,GNB,2019,0.1638662,1543.4176,1967654.0
Botswana,BWA,2019,2.884646,15747.324,2332038.0
Niue,NIU,2019,4.1331077,,1773.0
Bosnia and Herzegovina,BIH,2019,6.220446,11048.235,3345480.0
El Salvador,SLV,2019,1.2138822,8849.834,6222267.0
Somalia,SOM,2019,0.039769154,,16030917.0
Western Sahara,ESH,2019,,,538401.0
Yemen,YEM,2019,0.33713272,2265.343,35111377.0
Sweden,SWE,2019,3.9724972,45434.402,10279068.0
East Timor,TLS,2019,0.51920164,,1300903.0
North Korea,PRK,2019,2.6688468,1666.8143,26037582.0
Uruguay,URY,2019,1.8866792,19714.148,3397150.0
Switzerland,CHE,2019,4.2810693,62448.598,8577482.0
Macao,MAC,2019,1.8076055,,670934.0
Morocco,MAR,2019,1.898318,8540.804,36210859.0
Bonaire Sint Eustatius and Saba,BES,2019,4.2929115,,25605.0
Canada,CAN,2019,15.404461,45284.215,37782884.0
Ethiopia,ETH,2019,0.14892082,2030.6775,115737338.0
Monaco,MCO,2019,,,38083.0
Guam,GUM,2019,,,161783.0
Solomon Islands,SLB,2019,0.4025793,,728105.0
Guyana,GUY,2019,3.412209,,807624.0
Antigua and Barbuda,ATG,2019,7.020848,,91328.0
Tanzania,TZA,2019,0.27675864,2894.6472,59174848.0
China,CHN,2019,7.5264006,16879.54,1423520298.0
Martinique,MTQ,2019,,,359569.0
Nauru,NRU,2019,4.747344,,11577.0
Croatia,HRV,2019,4.472901,23590.277,3986292.0
Cayman Islands,CYM,2019,,,67304.0
Panama,PAN,2019,3.1001267,23218.432,4234652.0
Honduras,HND,2019,1.1282444,5099.8145,9943585.0
Uzbekistan,UZB,2019,3.2892537,11219.243,32964655.0
Guadeloupe,GLP,2019,,,410222.0
Armenia,ARM,2019,2.164008,12399.231,2903922.0
Democratic Republic of Congo,COD,2019,0.044339374,806.479,92947398.0
Dominican Republic,DOM,2019,2.6046193,16587.236,10893988.0
Isle of Man,IMN,2019,,,83930.0
Nigeria,NGA,2019,0.6388198,5197.0825,209485583.0
Lesotho,LSO,2019,1.0812736,2514.2244,2209365.0
Cambodia,KHM,2019,1.1303334,3896.7979,16481244.0
Zambia,ZMB,2019,0.41865155,3466.2363,18513790.0
Jordan,JOR,2019,2.3188925,9166.066,10671837.0
French Polynesia,PYF,2019,3.1913288,,278991.0
Nicaragua,NIC,2019,0.8055015,4721.7275,6483603.0
Germany,DEU,2019,8.494904,46761.945,83559127.0
Saint Vincent and the Grenadines,VCT,2019,2.146126,,104143.0
Lebanon,LBN,2019,4.4285336,12854.797,5794550.0
Hungary,HUN,2019,5.032163,27272.312,9770300.0
Bulgaria,BGR,2019,6.0594864,18840.764,6975420.0
Slovenia,SVN,2019,6.738732,30229.299,2083395.0
Venezuela,VEN,2019,3.638351,7061.7617,28938043.0
Laos,LAO,2019,2.6362908,6706.0063,7237589.0
Greece,GRC,2019,6.132962,23869.793,10718520.0
Cyprus,CYP,2019,5.70816,30284.795,1286615.0
Saint Pierre and Miquelon,SPM,2019,11.250768,,5862.0
Anguilla,AIA,2019,9.904041,,14798.0
Andorra,AND,2019,6.423361,,76436.0
Northern Mariana Islands,MNP,2019,,,48109.0
Saint Helena,SHN,2019,2.6916437,,5445.0
Liechtenstein,LIE,2019,3.878559,,38422.0
Montenegro,MNE,2019,4.049645,20448.549,611625.0
Guernsey,GGY,2019,,,62761.0
Moldova,MDA,2019,1.7654533,7078.23,3112515.0
Bahamas,BHS,2019,6.3506823,,394631.0
American Samoa,ASM,2019,,,50189.0
Iran,IRN,2019,8.447259,17400.414,87051599.0
Tonga,TON,2019,1.5260453,,105643.0
Haiti,HTI,2019,0.28168207,1719.4462,11105119.0
Nepal,NPL,2019,0.44873935,2953.5603,28414023.0
Liberia,LBR,2019,0.18471907,807.3494,5043670.0
Brazil,BRA,2019,2.281887,14257.871,207455405.0
Serbia,SRB,2019,6.3562794,15293.246,6966101.0
Afghanistan,AFG,2019,0.2859553,2031.7373,37856071.0
Cuba,CUB,2019,2.0079126,8257.785,11202800.0
Wallis and Futuna,WLF,2019,2.197772,,11670.0
Saudi Arabia,SAU,2019,21.579525,50123.336,30472767.0
Tajikistan,TJK,2019,0.91206217,4695.543,9529924.0
Zimbabwe,ZWE,2019,0.67204034,1753.0244,15271330.0
Eritrea,ERI,2019,0.19906436,,3240143.0
Ecuador,ECU,2019,2.3103745,10586.937,17339967.0
Tokelau,TKL,2019,,,2002.0
Cameroon,CMR,2019,0.37661535,2832.0767,25506047.0
Estonia,EST,2019,9.261651,28505.604,1326772.0
Finland,FIN,2019,7.686383,39874.8,5521713.0
Trinidad and Tobago,TTO,2019,27.466105,27582.568,1484843.0
United Kingdom,GBR,2019,5.4350815,39113.01,67110910.0
United Arab Emirates,ARE,2019,23.435728,74396.14,9377805.0
Jersey,JEY,2019,,,102817.0
Turkmenistan,TKM,2019,9.285526,17264.172,6803896.0
Mauritania,MRT,2019,1.0341662,3659.103,4467661.0
Albania,ALB,2019,1.6731355,11715.307,2884969.0
Aruba,ABW,2019,7.735446,,107048.0
Sao Tome and Principe,STP,2019,0.66974753,3781.2275,213358.0
Saint Lucia,LCA,2019,2.825776,10977.819,177639.0
Thailand,THA,2019,3.9411173,16905.293,71522216.0
Gibraltar,GIB,2019,,,35469.0
Kuwait,KWT,2019,24.436037,73748.44,4442153.0
Papua New Guinea,PNG,2019,0.83106965,,9608959.0
Ghana,GHA,2019,0.52523965,4143.3774,31258887.0
Hong Kong,HKG,2019,5.597313,49631.062,7485770.0
Falkland Islands,FLK,2019,,,3501.0
Iceland,ISL,2019,9.860175,43136.605,360652.0
Reunion,REU,2019,,,857291.0
Libya,LBY,2019,10.969283,16971.502,6950993.0
Kiribati,KIR,2019,0.5323819,,123881.0
Bahrain,BHR,2019,25.295322,39499.707,1485632.0
Ukraine,UKR,2019,4.9367437,10139.761,44957402.0
Peru,PER,2019,1.7986559,12680.354,32449256.0
Vietnam,VNM,2019,3.4901097,7266.0483,97173733.0
Tunisia,TUN,2019,2.556072,11451.897,11875033.0
Luxembourg,LUX,2019,15.741836,54751.6,620116.0
Central African Republic,CAF,2019,0.045942098,623.5598,4944659.0
French Guiana,GUF,2019,,,285524.0
United States Virgin Islands,VIR,2019,,,89339.0
Namibia,NAM,2019,1.5993302,8567.793,2650454.0
North Macedonia,MKD,2019,4.0298004,13751.228,1897595.0
Bermuda,BMU,2019,9.262487,,64083.0
Kyrgyzstan,KGZ,2019,1.3925191,5412.708,6493984.0
Saint Barthelemy,BLM,2019,,,10286.0
Norway,NOR,2019,8.002147,85115.32,5347690.0
Brunei,BRN,2019,24.247364,,442636.0
Malaysia,MYS,2019,8.368345,25986.412,33440538.0
Myanmar,MMR,2019,0.63867646,6140.885,52640679.0
Gambia,GMB,2019,0.28932655,1952.326,2456795.0
Georgia,GEO,2019,2.8674045,12631.664,3796671.0
Fiji,FJI,2019,1.4818621,,914849.0
Denmark,DNK,2019,5.3214316,48238.656,5814566.0
Russia,RUS,2019,11.635815,25244.12,146533005.0
Mozambique,MOZ,2019,0.23761947,1118.6304,29884331.0
Indonesia,IDN,2019,2.3993292,12250.278,272489333.0
India,IND,2019,1.8810879,7293.9897,1389030252.0
Algeria,DZA,2019,4.1554136,14000.279,43294503.0
South Africa,ZAF,2019,7.7887363,11739.936,59587828.0
Benin,BEN,2019,0.41347355,2276.1038,12726713.0
Cook Islands,COK,2019,4.77735,,16106.0
Latvia,LVA,2019,3.9956133,25858.602,1914220.0
Angola,AGO,2019,0.68097985,6886.954,32375581.0
British Virgin Islands,VGB,2019,5.0373955,,36368.0
Equatorial Guinea,GNQ,2019,3.3138647,25006.34,1670140.0
New Caledonia,NCL,2019,20.005596,,283564.0
Belgium,BEL,2019,8.675304,41155.527,11490570.0
Iraq,IRQ,2019,4.6182113,14203.617,41192120.0
Malta,MLT,2019,3.2715886,33220.285,503968.0
Eswatini,SWZ,2019,0.9502872,8375.426,1179837.0
Colombia,COL,2019,1.893445,13603.993,49907932.0
Austria,AUT,2019,7.650861,43488.668,8880830.0
Saint Kitts and Nevis,KNA,2019,5.3880053,,46922.0
Qatar,QAT,2019,36.105545,150732.22,2797880.0
Spain,ESP,2019,5.282928,34957.465,47435072.0
Gabon,GAB,2019,2.3507752,16449.715,2267660.0
Faroe Islands,FRO,2019,14.283498,,51817.0
Barbados,BRB,2019,5.0809,12040.277,281162.0
New Zealand,NZL,2019,7.3620214,36912.074,4989366.0
Madagascar,MDG,2019,0.15226129,1434.2703,28219511.0
Paraguay,PRY,2019,1.2483938,8776.076,6515016.0
Chile,CHL,2019,4.791046,21924.408,19197702.0
Svalbard and Jan Mayen,SJM,2019,,,2400.0
Australia,AUS,2019,16.315792,49814.67,25482660.0
Rwanda,RWA,2019,0.10744573,2042.8529,12776068.0
Belize,BLZ,2019,1.8330257,,385784.0
Seychelles,SYC,2019,5.046789,32745.871,117613.0
Vatican,VAT,2019,,,527.0
Senegal,SEN,2019,0.7774175,2559.8176,16352874.0
San Marino,SMR,2019,,,34627.0
Turkey,TUR,2019,4.7177076,23497.504,85357615.0
Marshall Islands,MHL,2019,3.3321207,,43984.0
Singapore,SGP,2019,8.642737,74649.734,5669500.0
Sint Maarten (Dutch part),SXM,2019,17.061699,,40373.0
Bhutan,BTN,2019,2.1169295,,764777.0
Lithuania,LTU,2019,4.904179,28986.053,2795011.0
Mongolia,MNG,2019,14.617127,13871.33,3232069.0
Ireland,IRL,2019,7.5653806,59733.91,4933445.0
Pakistan,PAK,2019,0.8995737,5219.534,230800861.0
Argentina,ARG,2019,3.969191,17912.637,44973412.0
Maldives,MDV,2019,4.087055,,487690.0
Czechia,CZE,2019,9.569924,32226.553,10554819.0
Palau,PLW,2019,12.371412,,17770.0
Poland,POL,2019,8.311783,29142.023,38225836.0
Vanuatu,VUT,2019,0.5647678,,291943.0
Togo,TGO,2019,0.27396706,1501.8667,8463021.0
Sudan,SDN,2019,0.47511515,,45548129.0
Oman,OMN,2019,15.622156,48596.527,4591205.0
United States,USA,2019,15.578155,56469.26,337790020.0
Micronesia (country),FSM,2019,1.3293424,,110250.0
Egypt,EGY,2019,2.4057102,12300.201,107553107.0
Mexico,MEX,2019,3.7231612,16802.014,125762928.0
France,FRA,2019,4.7926087,39084.656,65729405.0
