id,year,status
1,2023,Employed
2,2023,Unemployed
3,2023,Employed
4,2023,Unemployed
5,2023,Employed
6,2023,Employed
7,2023,Employed
8,2023,Unemployed
9,2023,Unemployed
10,2023,Not in labor force
11,2023,Not in labor force
12,2023,Employed
13,2023,Not in labor force
14,2023,Employed
15,2023,Not in labor force
16,2023,Unemployed
17,2023,Not in labor force
18,2023,Not in labor force
19,2023,Not in labor force
20,2023,Employed
21,2023,Employed
22,2023,Unemployed
23,2023,Not in labor force
24,2023,Not in labor force
25,2023,Employed
26,2023,Unemployed
27,2023,Employed
28,2023,Unemployed
29,2023,Not in labor force
30,2023,Employed
31,2023,Not in labor force
32,2023,Employed
33,2023,Not in labor force
34,2023,Employed
35,2023,Employed
36,2023,Employed
37,2023,Not in labor force
38,2023,Employed
39,2023,Employed
40,2023,Employed
41,2023,Not in labor force
42,2023,Employed
43,2023,Employed
44,2023,Employed
45,2023,Employed
46,2023,Employed
47,2023,Not in labor force
48,2023,Employed
49,2023,Not in labor force
50,2023,Unemployed
51,2023,Employed
52,2023,Employed
53,2023,Not in labor force
54,2023,Employed
55,2023,Not in labor force
56,2023,Employed
57,2023,Unemployed
58,2023,Not in labor force
59,2023,Employed
60,2023,Not in labor force
61,2023,Unemployed
62,2023,Employed
63,2023,Employed
64,2023,Unemployed
65,2023,Employed
66,2023,Employed
67,2023,Employed
68,2023,Not in labor force
69,2023,Employed
70,2023,Employed
71,2023,Not in labor force
72,2023,Employed
73,2023,Employed
74,2023,Employed
75,2023,Employed
76,2023,Employed
77,2023,Not in labor force
78,2023,Not in labor force
79,2023,Not in labor force
80,2023,Employed
81,2023,Employed
82,2023,Unemployed
83,2023,Employed
84,2023,Employed
85,2023,Not in labor force
86,2023,Employed
87,2023,Unemployed
88,2023,Not in labor force
89,2023,Employed
90,2023,Unemployed
91,2023,Employed
92,2023,Employed
93,2023,Not in labor force
94,2023,Not in labor force
95,2023,Unemployed
96,2023,Unemployed
97,2023,Unemployed
98,2023,Unemployed
99,2023,Not in labor force
100,2023,Not in labor force
101,2023,Not in labor force
102,2023,Not in labor force
103,2023,Not in labor force
104,2023,Employed
105,2023,Not in labor force
106,2023,Employed
107,2023,Employed
108,2023,Employed
109,2023,Employed
110,2023,Not in labor force
111,2023,Employed
112,2023,Not in labor force
113,2023,Not in labor force
114,2023,Employed
115,2023,Employed
116,2023,Employed
117,2023,Employed
118,2023,Employed
119,2023,Employed
120,2023,Not in labor force
121,2023,Unemployed
122,2023,Not in labor force
123,2023,Employed
124,2023,Employed
125,2023,Employed
126,2023,Unemployed
127,2023,Unemployed
128,2023,Not in labor force
129,2023,Unemployed
130,2023,Unemployed
131,2023,Employed
132,2023,Employed
133,2023,Employed
134,2023,Not in labor force
135,2023,Not in labor force
136,2023,Not in labor force
137,2023,Not in labor force
138,2023,Not in labor force
139,2023,Employed
140,2023,Not in labor force
141,2023,Employed
142,2023,Unemployed
143,2023,Employed
144,2023,Employed
145,2023,Not in labor force
146,2023,Unemployed
147,2023,Not in labor force
148,2023,Not in labor force
149,2023,Unemployed
150,2023,Employed
151,2023,Not in labor force
152,2023,Employed
153,2023,Employed
154,2023,Not in labor force
155,2023,Not in labor force
156,2023,Employed
157,2023,Unemployed
158,2023,Employed
159,2023,Unemployed
160,2023,Not in labor force
161,2023,Not in labor force
162,2023,Not in labor force
163,2023,Employed
164,2023,Unemployed
165,2023,Unemployed
166,2023,Not in labor force
167,2023,Employed
168,2023,Employed
169,2023,Not in labor force
170,2023,Employed
171,2023,Not in labor force
172,2023,Employed
173,2023,Not in labor force
174,2023,Not in labor force
175,2023,Not in labor force
176,2023,Unemployed
177,2023,Employed
178,2023,Employed
179,2023,Not in labor force
180,2023,Unemployed
181,2023,Not in labor force
182,2023,Not in labor force
183,2023,Not in labor force
184,2023,Not in labor force
185,2023,Employed
186,2023,Employed
187,2023,Employed
188,2023,Employed
189,2023,Employed
190,2023,Employed
191,2023,Not in labor force
192,2023,Not in labor force
193,2023,Unemployed
194,2023,Employed
195,2023,Employed
196,2023,Employed
197,2023,Employed
198,2023,Not in labor force
199,2023,Not in labor force
200,2023,Not in labor force
201,2023,Unemployed
202,2023,Unemployed
203,2023,Employed
204,2023,Employed
205,2023,Unemployed
206,2023,Employed
207,2023,Not in labor force
208,2023,Employed
209,2023,Not in labor force
210,2023,Employed
211,2023,Employed
212,2023,Employed
213,2023,Employed
214,2023,Employed
215,2023,Employed
216,2023,Employed
217,2023,Not in labor force
218,2023,Not in labor force
219,2023,Not in labor force
220,2023,Unemployed
221,2023,Not in labor force
222,2023,Not in labor force
223,2023,Employed
224,2023,Not in labor force
225,2023,Unemployed
226,2023,Employed
227,2023,Unemployed
228,2023,Employed
229,2023,Employed
230,2023,Not in labor force
231,2023,Employed
232,2023,Not in labor force
233,2023,Employed
234,2023,Unemployed
235,2023,Employed
236,2023,Employed
237,2023,Employed
238,2023,Not in labor force
239,2023,Not in labor force
240,2023,Not in labor force
241,2023,Not in labor force
242,2023,Not in labor force
243,2023,Unemployed
244,2023,Employed
245,2023,Not in labor force
246,2023,Unemployed
247,2023,Unemployed
248,2023,Not in labor force
249,2023,Unemployed
250,2023,Employed
251,2023,Employed
252,2023,Not in labor force
253,2023,Not in labor force
254,2023,Unemployed
255,2023,Unemployed
256,2023,Unemployed
257,2023,Not in labor force
258,2023,Not in labor force
259,2023,Employed
260,2023,Employed
261,2023,Not in labor force
262,2023,Employed
263,2023,Employed
264,2023,Employed
265,2023,Unemployed
266,2023,Employed
267,2023,Employed
268,2023,Not in labor force
269,2023,Unemployed
270,2023,Not in labor force
271,2023,Not in labor force
272,2023,Employed
273,2023,Unemployed
274,2023,Not in labor force
275,2023,Employed
276,2023,Not in labor force
277,2023,Not in labor force
278,2023,Employed
279,2023,Employed
280,2023,Not in labor force
281,2023,Unemployed
282,2023,Unemployed
283,2023,Not in labor force
284,2023,Employed
285,2023,Unemployed
286,2023,Employed
287,2023,Unemployed
288,2023,Unemployed
289,2023,Not in labor force
290,2023,Not in labor force
291,2023,Not in labor force
292,2023,Employed
293,2023,Not in labor force
294,2023,Unemployed
295,2023,Unemployed
296,2023,Unemployed
297,2023,Not in labor force
298,2023,Unemployed
299,2023,Employed
300,2023,Employed
301,2023,Not in labor force
302,2023,Unemployed
303,2023,Employed
304,2023,Employed
305,2023,Unemployed
306,2023,Employed
307,2023,Employed
308,2023,Not in labor force
309,2023,Not in labor force
310,2023,Employed
311,2023,Employed
312,2023,Not in labor force
313,2023,Employed
314,2023,Unemployed
315,2023,Not in labor force
316,2023,Employed
317,2023,Not in labor force
318,2023,Not in labor force
319,2023,Employed
320,2023,Employed
321,2023,Unemployed
322,2023,Employed
323,2023,Unemployed
324,2023,Employed
325,2023,Employed
326,2023,Not in labor force
327,2023,Employed
328,2023,Unemployed
329,2023,Not in labor force
330,2023,Employed
331,2023,Not in labor force
332,2023,Not in labor force
333,2023,Employed
334,2023,Employed
335,2023,Employed
336,2023,Employed
337,2023,Employed
338,2023,Employed
339,2023,Unemployed
340,2023,Unemployed
341,2023,Not in labor force
342,2023,Not in labor force
343,2023,Employed
344,2023,Employed
345,2023,Unemployed
346,2023,Employed
347,2023,Employed
348,2023,Unemployed
349,2023,Unemployed
350,2023,Employed
351,2023,Employed
352,2023,Employed
353,2023,Employed
354,2023,Employed
355,2023,Employed
356,2023,Not in labor force
357,2023,Not in labor force
358,2023,Unemployed
359,2023,Employed
360,2023,Employed
361,2023,Employed
362,2023,Employed
363,2023,Employed
364,2023,Unemployed
365,2023,Not in labor force
366,2023,Employed
367,2023,Unemployed
368,2023,Not in labor force
369,2023,Employed
370,2023,Employed
371,2023,Employed
372,2023,Unemployed
373,2023,Not in labor force
374,2023,Not in labor force
375,2023,Employed
376,2023,Employed
377,2023,Not in labor force
378,2023,Employed
379,2023,Employed
380,2023,Not in labor force
381,2023,Employed
382,2023,Employed
383,2023,Not in labor force
384,2023,Employed
385,2023,Not in labor force
386,2023,Employed
387,2023,Employed
388,2023,Employed
389,2023,Employed
390,2023,Employed
391,2023,Not in labor force
392,2023,Employed
393,2023,Not in labor force
394,2023,Employed
395,2023,Employed
396,2023,Unemployed
397,2023,Employed
398,2023,Not in labor force
399,2023,Not in labor force
400,2023,Not in labor force
401,2023,Employed
402,2023,Not in labor force
403,2023,Unemployed
404,2023,Employed
405,2023,Not in labor force
406,2023,Employed
407,2023,Employed
408,2023,Employed
409,2023,Employed
410,2023,Unemployed
411,2023,Not in labor force
412,2023,Not in labor force
413,2023,Not in labor force
414,2023,Not in labor force
415,2023,Employed
416,2023,Not in labor force
417,2023,Employed
418,2023,Employed
419,2023,Not in labor force
420,2023,Unemployed
421,2023,Unemployed
422,2023,Employed
423,2023,Not in labor force
424,2023,Employed
425,2023,Not in labor force
426,2023,Not in labor force
427,2023,Unemployed
428,2023,Employed
429,2023,Employed
430,2023,Employed
431,2023,Unemployed
432,2023,Employed
433,2023,Employed
434,2023,Not in labor force
435,2023,Employed
436,2023,Not in labor force
437,2023,Employed
438,2023,Employed
439,2023,Unemployed
440,2023,Employed
441,2023,Not in labor force
442,2023,Employed
443,2023,Not in labor force
444,2023,Unemployed
445,2023,Employed
446,2023,Employed
447,2023,Unemployed
448,2023,Employed
449,2023,Unemployed
450,2023,Employed
451,2023,Employed
452,2023,Not in labor force
453,2023,Employed
454,2023,Not in labor force
455,2023,Employed
456,2023,Employed
457,2023,Employed
458,2023,Not in labor force
459,2023,Employed
460,2023,Unemployed
461,2023,Not in labor force
462,2023,Employed
463,2023,Employed
464,2023,Employed
465,2023,Not in labor force
466,2023,Not in labor force
467,2023,Employed
468,2023,Employed
469,2023,Not in labor force
470,2023,Not in labor force
471,2023,Employed
472,2023,Unemployed
473,2023,Employed
474,2023,Not in labor force
475,2023,Employed
476,2023,Employed
477,2023,Employed
478,2023,Employed
479,2023,Employed
480,2023,Employed
481,2023,Employed
482,2023,Employed
483,2023,Not in labor force
484,2023,Not in labor force
485,2023,Employed
486,2023,Not in labor force
487,2023,Unemployed
488,2023,Employed
489,2023,Employed
490,2023,Not in labor force
491,2023,Employed
492,2023,Not in labor force
493,2023,Employed
494,2023,Employed
495,2023,Unemployed
496,2023,Employed
497,2023,Employed
498,2023,Not in labor force
499,2023,Not in labor force
500,2023,Not in labor force
501,2023,Unemployed
502,2023,Not in labor force
503,2023,Not in labor force
504,2023,Employed
505,2023,Employed
506,2023,Employed
507,2023,Unemployed
508,2023,Employed
509,2023,Employed
510,2023,Employed
511,2023,Not in labor force
512,2023,Employed
513,2023,Not in labor force
514,2023,Employed
515,2023,Employed
516,2023,Unemployed
517,2023,Employed
518,2023,Employed
519,2023,Not in labor force
520,2023,Employed
521,2023,Not in labor force
522,2023,Not in labor force
523,2023,Not in labor force
524,2023,Not in labor force
525,2023,Not in labor force
526,2023,Unemployed
527,2023,Not in labor force
528,2023,Employed
529,2023,Employed
530,2023,Employed
531,2023,Unemployed
532,2023,Not in labor force
533,2023,Not in labor force
534,2023,Unemployed
535,2023,Not in labor force
536,2023,Employed
537,2023,Employed
538,2023,Not in labor force
539,2023,Not in labor force
540,2023,Employed
541,2023,Employed
542,2023,Unemployed
543,2023,Unemployed
544,2023,Not in labor force
545,2023,Unemployed
546,2023,Unemployed
547,2023,Employed
548,2023,Employed
549,2023,Employed
550,2023,Employed
551,2023,Employed
552,2023,Employed
553,2023,Employed
554,2023,Unemployed
555,2023,Employed
556,2023,Employed
557,2023,Employed
558,2023,Unemployed
559,2023,Not in labor force
560,2023,Employed
561,2023,Not in labor force
562,2023,Unemployed
563,2023,Not in labor force
564,2023,Employed
565,2023,Employed
566,2023,Not in labor force
567,2023,Unemployed
568,2023,Employed
569,2023,Employed
570,2023,Employed
571,2023,Not in labor force
572,2023,Not in labor force
573,2023,Employed
574,2023,Not in labor force
575,2023,Unemployed
576,2023,Unemployed
577,2023,Employed
578,2023,Unemployed
579,2023,Employed
580,2023,Unemployed
581,2023,Employed
582,2023,Not in labor force
583,2023,Not in labor force
584,2023,Employed
585,2023,Employed
586,2023,Unemployed
587,2023,Unemployed
588,2023,Employed
589,2023,Not in labor force
590,2023,Employed
591,2023,Employed
592,2023,Unemployed
593,2023,Unemployed
594,2023,Not in labor force
595,2023,Employed
596,2023,Not in labor force
597,2023,Not in labor force
598,2023,Employed
599,2023,Employed
600,2023,Not in labor force
601,2023,Employed
602,2023,Unemployed
603,2023,Not in labor force
604,2023,Employed
605,2023,Employed
606,2023,Employed
607,2023,Employed
608,2023,Employed
609,2023,Not in labor force
610,2023,Not in labor force
611,2023,Unemployed
612,2023,Not in labor force
613,2023,Not in labor force
614,2023,Unemployed
615,2023,Employed
616,2023,Employed
617,2023,Employed
618,2023,Employed
619,2023,Not in labor force
620,2023,Unemployed
621,2023,Employed
622,2023,Employed
623,2023,Employed
624,2023,Not in labor force
625,2023,Employed
626,2023,Employed
627,2023,Not in labor force
628,2023,Employed
629,2023,Unemployed
630,2023,Not in labor force
631,2023,Employed
632,2023,Employed
633,2023,Not in labor force
634,2023,Employed
635,2023,Unemployed
636,2023,Unemployed
637,2023,Employed
638,2023,Employed
639,2023,Employed
640,2023,Employed
641,2023,Unemployed
642,2023,Employed
643,2023,Employed
644,2023,Not in labor force
645,2023,Unemployed
646,2023,Employed
647,2023,Employed
648,2023,Unemployed
649,2023,Not in labor force
650,2023,Employed
651,2023,Employed
652,2023,Not in labor force
653,2023,Unemployed
654,2023,Employed
655,2023,Employed
656,2023,Not in labor force
657,2023,Employed
658,2023,Employed
659,2023,Unemployed
660,2023,Employed
661,2023,Employed
662,2023,Unemployed
663,2023,Employed
664,2023,Unemployed
665,2023,Employed
666,2023,Not in labor force
667,2023,Employed
668,2023,Employed
669,2023,Not in labor force
670,2023,Not in labor force
671,2023,Employed
672,2023,Employed
673,2023,Employed
674,2023,Not in labor force
675,2023,Not in labor force
676,2023,Employed
677,2023,Employed
678,2023,Not in labor force
679,2023,Unemployed
680,2023,Employed
681,2023,Unemployed
682,2023,Not in labor force
683,2023,Not in labor force
684,2023,Not in labor force
685,2023,Employed
686,2023,Employed
687,2023,Unemployed
688,2023,Employed
689,2023,Unemployed
690,2023,Employed
691,2023,Employed
692,2023,Unemployed
693,2023,Unemployed
694,2023,Employed
695,2023,Not in labor force
696,2023,Employed
697,2023,Employed
698,2023,Not in labor force
699,2023,Employed
700,2023,Employed
701,2023,Not in labor force
702,2023,Unemployed
703,2023,Not in labor force
704,2023,Employed
705,2023,Unemployed
706,2023,Employed
707,2023,Employed
708,2023,Employed
709,2023,Employed
710,2023,Not in labor force
711,2023,Not in labor force
712,2023,Unemployed
713,2023,Employed
714,2023,Employed
715,2023,Not in labor force
716,2023,Employed
717,2023,Unemployed
718,2023,Employed
719,2023,Employed
720,2023,Not in labor force
721,2023,Not in labor force
722,2023,Employed
723,2023,Employed
724,2023,Not in labor force
725,2023,Employed
726,2023,Not in labor force
727,2023,Employed
728,2023,Unemployed
729,2023,Unemployed
730,2023,Employed
731,2023,Employed
732,2023,Unemployed
733,2023,Not in labor force
734,2023,Employed
735,2023,Not in labor force
736,2023,Employed
737,2023,Employed
738,2023,Not in labor force
739,2023,Not in labor force
740,2023,Employed
741,2023,Employed
742,2023,Unemployed
743,2023,Not in labor force
744,2023,Employed
745,2023,Employed
746,2023,Employed
747,2023,Employed
748,2023,Unemployed
749,2023,Employed
750,2023,Employed
751,2023,Not in labor force
752,2023,Not in labor force
753,2023,Not in labor force
754,2023,Not in labor force
755,2023,Employed
756,2023,Unemployed
757,2023,Employed
758,2023,Not in labor force
759,2023,Unemployed
760,2023,Employed
761,2023,Not in labor force
762,2023,Employed
763,2023,Employed
764,2023,Not in labor force
765,2023,Not in labor force
766,2023,Employed
767,2023,Employed
768,2023,Not in labor force
769,2023,Employed
770,2023,Unemployed
771,2023,Employed
772,2023,Unemployed
773,2023,Employed
774,2023,Employed
775,2023,Unemployed
776,2023,Not in labor force
777,2023,Employed
778,2023,Unemployed
779,2023,Not in labor force
780,2023,Employed
781,2023,Not in labor force
782,2023,Unemployed
783,2023,Not in labor force
784,2023,Employed
785,2023,Unemployed
786,2023,Not in labor force
787,2023,Not in labor force
788,2023,Employed
789,2023,Employed
790,2023,Employed
791,2023,Employed
792,2023,Employed
793,2023,Employed
794,2023,Employed
795,2023,Employed
796,2023,Employed
797,2023,Employed
798,2023,Employed
799,2023,Not in labor force
800,2023,Employed
801,2023,Employed
802,2023,Employed
803,2023,Not in labor force
804,2023,Employed
805,2023,Not in labor force
806,2023,Not in labor force
807,2023,Employed
808,2023,Employed
809,2023,Not in labor force
810,2023,Unemployed
811,2023,Not in labor force
812,2023,Employed
813,2023,Employed
814,2023,Not in labor force
815,2023,Not in labor force
816,2023,Employed
817,2023,Unemployed
818,2023,Unemployed
819,2023,Not in labor force
820,2023,Employed
821,2023,Not in labor force
822,2023,Employed
823,2023,Employed
824,2023,Employed
825,2023,Employed
826,2023,Employed
827,2023,Unemployed
828,2023,Employed
829,2023,Employed
830,2023,Employed
831,2023,Not in labor force
832,2023,Not in labor force
833,2023,Employed
834,2023,Not in labor force
835,2023,Unemployed
836,2023,Not in labor force
837,2023,Employed
838,2023,Employed
839,2023,Unemployed
840,2023,Not in labor force
841,2023,Employed
842,2023,Unemployed
843,2023,Unemployed
844,2023,Not in labor force
845,2023,Employed
846,2023,Not in labor force
847,2023,Employed
848,2023,Employed
849,2023,Employed
850,2023,Employed
851,2023,Employed
852,2023,Employed
853,2023,Employed
854,2023,Employed
855,2023,Employed
856,2023,Employed
857,2023,Not in labor force
858,2023,Employed
859,2023,Employed
860,2023,Not in labor force
861,2023,Not in labor force
862,2023,Employed
863,2023,Unemployed
864,2023,Unemployed
865,2023,Employed
866,2023,Employed
867,2023,Employed
868,2023,Not in labor force
869,2023,Not in labor force
870,2023,Employed
871,2023,Not in labor force
872,2023,Employed
873,2023,Employed
874,2023,Employed
875,2023,Employed
876,2023,Employed
877,2023,Employed
878,2023,Employed
879,2023,Not in labor force
880,2023,Unemployed
881,2023,Not in labor force
882,2023,Not in labor force
883,2023,Unemployed
884,2023,Employed
885,2023,Not in labor force
886,2023,Not in labor force
887,2023,Employed
888,2023,Unemployed
889,2023,Not in labor force
890,2023,Employed
891,2023,Employed
892,2023,Not in labor force
893,2023,Employed
894,2023,Employed
895,2023,Employed
896,2023,Employed
897,2023,Employed
898,2023,Not in labor force
899,2023,Employed
900,2023,Employed
901,2023,Not in labor force
902,2023,Employed
903,2023,Employed
904,2023,Not in labor force
905,2023,Unemployed
906,2023,Not in labor force
907,2023,Not in labor force
908,2023,Employed
909,2023,Employed
910,2023,Employed
911,2023,Employed
912,2023,Unemployed
913,2023,Not in labor force
914,2023,Not in labor force
915,2023,Unemployed
916,2023,Employed
917,2023,Employed
918,2023,Employed
919,2023,Employed
920,2023,Employed
921,2023,Employed
922,2023,Employed
923,2023,Not in labor force
924,2023,Employed
925,2023,Employed
926,2023,Employed
927,2023,Employed
928,2023,Employed
929,2023,Unemployed
930,2023,Employed
931,2023,Not in labor force
932,2023,Employed
933,2023,Employed
934,2023,Employed
935,2023,Not in labor force
936,2023,Unemployed
937,2023,Employed
938,2023,Employed
939,2023,Employed
940,2023,Employed
941,2023,Unemployed
942,2023,Not in labor force
943,2023,Employed
944,2023,Unemployed
945,2023,Employed
946,2023,Not in labor force
947,2023,Employed
948,2023,Employed
949,2023,Not in labor force
950,2023,Employed
951,2023,Employed
952,2023,Unemployed
953,2023,Employed
954,2023,Employed
955,2023,Employed
956,2023,Not in labor force
957,2023,Not in labor force
958,2023,Unemployed
959,2023,Not in labor force
960,2023,Employed
961,2023,Not in labor force
962,2023,Employed
963,2023,Employed
964,2023,Employed
965,2023,Not in labor force
966,2023,Employed
967,2023,Employed
968,2023,Employed
969,2023,Unemployed
970,2023,Employed
971,2023,Employed
972,2023,Employed
973,2023,Not in labor force
974,2023,Not in labor force
975,2023,Not in labor force
976,2023,Employed
977,2023,Employed
978,2023,Employed
979,2023,Unemployed
980,2023,Employed
981,2023,Employed
982,2023,Employed
983,2023,Employed
984,2023,Employed
985,2023,Unemployed
986,2023,Unemployed
987,2023,Not in labor force
988,2023,Not in labor force
989,2023,Not in labor force
990,2023,Employed
991,2023,Employed
992,2023,Not in labor force
993,2023,Unemployed
994,2023,Employed
995,2023,Unemployed
996,2023,Employed
997,2023,Not in labor force
998,2023,Not in labor force
999,2023,Employed
1000,2023,Unemployed
1001,2023,Employed
1002,2023,Unemployed
1003,2023,Employed
1004,2023,Unemployed
1005,2023,Not in labor force
1006,2023,Not in labor force
1007,2023,Unemployed
1008,2023,Employed
1009,2023,Employed
1010,2023,Unemployed
1011,2023,Employed
1012,2023,Employed
1013,2023,Employed
1014,2023,Not in labor force
1015,2023,Employed
1016,2023,Employed
1017,2023,Employed
1018,2023,Not in labor force
1019,2023,Employed
1020,2023,Unemployed
1021,2023,Unemployed
1022,2023,Unemployed
1023,2023,Not in labor force
1024,2023,Employed
1025,2023,Employed
1026,2023,Not in labor force
1027,2023,Employed
1028,2023,Employed
1029,2023,Not in labor force
1030,2023,Not in labor force
1031,2023,Unemployed
1032,2023,Unemployed
1033,2023,Unemployed
1034,2023,Employed
1035,2023,Employed
1036,2023,Not in labor force
1037,2023,Unemployed
1038,2023,Employed
1039,2023,Employed
1040,2023,Not in labor force
1041,2023,Unemployed
1042,2023,Employed
1043,2023,Not in labor force
1044,2023,Employed
1045,2023,Employed
1046,2023,Employed
1047,2023,Employed
1048,2023,Unemployed
1049,2023,Employed
1050,2023,Not in labor force
1051,2023,Employed
1052,2023,Not in labor force
1053,2023,Employed
1054,2023,Not in labor force
1055,2023,Not in labor force
1056,2023,Employed
1057,2023,Not in labor force
1058,2023,Not in labor force
1059,2023,Not in labor force
1060,2023,Not in labor force
1061,2023,Unemployed
1062,2023,Unemployed
1063,2023,Unemployed
1064,2023,Employed
1065,2023,Unemployed
1066,2023,Unemployed
1067,2023,Employed
1068,2023,Not in labor force
1069,2023,Employed
1070,2023,Unemployed
1071,2023,Employed
1072,2023,Unemployed
1073,2023,Not in labor force
1074,2023,Employed
1075,2023,Not in labor force
1076,2023,Employed
1077,2023,Not in labor force
1078,2023,Employed
1079,2023,Not in labor force
1080,2023,Employed
1081,2023,Unemployed
1082,2023,Employed
1083,2023,Not in labor force
1084,2023,Employed
1085,2023,Employed
1086,2023,Employed
1087,2023,Employed
1088,2023,Employed
1089,2023,Employed
1090,2023,Unemployed
1091,2023,Employed
1092,2023,Employed
1093,2023,Not in labor force
1094,2023,Not in labor force
1095,2023,Unemployed
1096,2023,Not in labor force
1097,2023,Unemployed
1098,2023,Employed
1099,2023,Employed
1100,2023,Employed
1101,2023,Employed
1102,2023,Employed
1103,2023,Not in labor force
1104,2023,Not in labor force
1105,2023,Employed
1106,2023,Employed
1107,2023,Not in labor force
1108,2023,Not in labor force
1109,2023,Employed
1110,2023,Unemployed
1111,2023,Not in labor force
1112,2023,Employed
1113,2023,Employed
1114,2023,Not in labor force
1115,2023,Employed
1116,2023,Not in labor force
1117,2023,Unemployed
1118,2023,Not in labor force
1119,2023,Not in labor force
1120,2023,Unemployed
1121,2023,Not in labor force
1122,2023,Not in labor force
1123,2023,Not in labor force
1124,2023,Employed
1125,2023,Unemployed
1126,2023,Employed
1127,2023,Not in labor force
1128,2023,Employed
1129,2023,Employed
1130,2023,Employed
1131,2023,Unemployed
1132,2023,Employed
1133,2023,Employed
1134,2023,Unemployed
1135,2023,Not in labor force
1136,2023,Unemployed
1137,2023,Employed
1138,2023,Employed
1139,2023,Employed
1140,2023,Employed
1141,2023,Employed
1142,2023,Employed
1143,2023,Not in labor force
1144,2023,Employed
1145,2023,Employed
1146,2023,Not in labor force
1147,2023,Unemployed
1148,2023,Not in labor force
1149,2023,Employed
1150,2023,Not in labor force
1151,2023,Employed
1152,2023,Employed
1153,2023,Unemployed
1154,2023,Not in labor force
1155,2023,Employed
1156,2023,Not in labor force
1157,2023,Employed
1158,2023,Employed
1159,2023,Unemployed
1160,2023,Employed
1161,2023,Employed
1162,2023,Employed
1163,2023,Employed
1164,2023,Unemployed
1165,2023,Employed
1166,2023,Not in labor force
1167,2023,Unemployed
1168,2023,Unemployed
1169,2023,Not in labor force
1170,2023,Employed
1171,2023,Employed
1172,2023,Employed
1173,2023,Not in labor force
1174,2023,Employed
1175,2023,Employed
1176,2023,Employed
1177,2023,Unemployed
1178,2023,Not in labor force
1179,2023,Unemployed
1180,2023,Not in labor force
1181,2023,Not in labor force
1182,2023,Unemployed
1183,2023,Employed
1184,2023,Employed
1185,2023,Employed
1186,2023,Employed
1187,2023,Not in labor force
1188,2023,Employed
1189,2023,Employed
1190,2023,Employed
1191,2023,Not in labor force
1192,2023,Employed
1193,2023,Employed
1194,2023,Not in labor force
1195,2023,Not in labor force
1196,2023,Employed
1197,2023,Not in labor force
1198,2023,Employed
1199,2023,Not in labor force
1200,2023,Not in labor force
1201,2023,Employed
1202,2023,Not in labor force
1203,2023,Not in labor force
1204,2023,Not in labor force
1205,2023,Unemployed
1206,2023,Unemployed
1207,2023,Employed
1208,2023,Not in labor force
1209,2023,Employed
1210,2023,Unemployed
1211,2023,Employed
1212,2023,Not in labor force
1213,2023,Employed
1214,2023,Employed
1215,2023,Unemployed
1216,2023,Employed
1217,2023,Not in labor force
1218,2023,Employed
1219,2023,Employed
1220,2023,Not in labor force
1221,2023,Unemployed
1222,2023,Employed
1223,2023,Not in labor force
1224,2023,Employed
1225,2023,Employed
1226,2023,Unemployed
1227,2023,Unemployed
1228,2023,Unemployed
1229,2023,Employed
1230,2023,Employed
1231,2023,Not in labor force
1232,2023,Employed
1233,2023,Employed
1234,2023,Not in labor force
1235,2023,Unemployed
1236,2023,Unemployed
1237,2023,Employed
1238,2023,Not in labor force
1239,2023,Employed
1240,2023,Employed
1241,2023,Not in labor force
1242,2023,Employed
1243,2023,Employed
1244,2023,Employed
1245,2023,Unemployed
1246,2023,Employed
1247,2023,Unemployed
1248,2023,Employed
1249,2023,Not in labor force
1250,2023,Employed
1251,2024,Employed
1252,2024,Employed
1253,2024,Employed
1254,2024,Employed
1255,2024,Employed
1256,2024,Not in labor force
1257,2024,Employed
1258,2024,Unemployed
1259,2024,Unemployed
1260,2024,Employed
1261,2024,Not in labor force
1262,2024,Unemployed
1263,2024,Not in labor force
1264,2024,Employed
1265,2024,Unemployed
1266,2024,Employed
1267,2024,Unemployed
1268,2024,Employed
1269,2024,Employed
1270,2024,Unemployed
1271,2024,Not in labor force
1272,2024,Employed
1273,2024,Not in labor force
1274,2024,Employed
1275,2024,Employed
1276,2024,Employed
1277,2024,Employed
1278,2024,Employed
1279,2024,Employed
1280,2024,Employed
1281,2024,Employed
1282,2024,Employed
1283,2024,Not in labor force
1284,2024,Employed
1285,2024,Employed
1286,2024,Not in labor force
1287,2024,Employed
1288,2024,Employed
1289,2024,Employed
1290,2024,Employed
1291,2024,Employed
1292,2024,Employed
1293,2024,Not in labor force
1294,2024,Employed
1295,2024,Unemployed
1296,2024,Employed
1297,2024,Unemployed
1298,2024,Employed
1299,2024,Employed
1300,2024,Unemployed
1301,2024,Unemployed
1302,2024,Unemployed
1303,2024,Employed
1304,2024,Unemployed
1305,2024,Employed
1306,2024,Not in labor force
1307,2024,Not in labor force
1308,2024,Not in labor force
1309,2024,Employed
1310,2024,Not in labor force
1311,2024,Employed
1312,2024,Employed
1313,2024,Employed
1314,2024,Not in labor force
1315,2024,Employed
1316,2024,Not in labor force
1317,2024,Employed
1318,2024,Not in labor force
1319,2024,Not in labor force
1320,2024,Not in labor force
1321,2024,Employed
1322,2024,Unemployed
1323,2024,Employed
1324,2024,Employed
1325,2024,Employed
1326,2024,Not in labor force
1327,2024,Employed
1328,2024,Not in labor force
1329,2024,Unemployed
1330,2024,Employed
1331,2024,Employed
1332,2024,Employed
1333,2024,Employed
1334,2024,Unemployed
1335,2024,Employed
1336,2024,Employed
1337,2024,Not in labor force
1338,2024,Employed
1339,2024,Employed
1340,2024,Not in labor force
1341,2024,Employed
1342,2024,Employed
1343,2024,Unemployed
1344,2024,Employed
1345,2024,Unemployed
1346,2024,Not in labor force
1347,2024,Not in labor force
1348,2024,Employed
1349,2024,Employed
1350,2024,Unemployed
1351,2024,Employed
1352,2024,Employed
1353,2024,Employed
1354,2024,Employed
1355,2024,Employed
1356,2024,Unemployed
1357,2024,Not in labor force
1358,2024,Employed
1359,2024,Not in labor force
1360,2024,Employed
1361,2024,Employed
1362,2024,Unemployed
1363,2024,Not in labor force
1364,2024,Employed
1365,2024,Employed
1366,2024,Not in labor force
1367,2024,Employed
1368,2024,Unemployed
1369,2024,Not in labor force
1370,2024,Not in labor force
1371,2024,Employed
1372,2024,Unemployed
1373,2024,Not in labor force
1374,2024,Unemployed
1375,2024,Unemployed
1376,2024,Not in labor force
1377,2024,Not in labor force
1378,2024,Not in labor force
1379,2024,Employed
1380,2024,Employed
1381,2024,Employed
1382,2024,Employed
1383,2024,Unemployed
1384,2024,Employed
1385,2024,Employed
1386,2024,Employed
1387,2024,Not in labor force
1388,2024,Not in labor force
1389,2024,Employed
1390,2024,Employed
1391,2024,Employed
1392,2024,Not in labor force
1393,2024,Employed
1394,2024,Unemployed
1395,2024,Employed
1396,2024,Employed
1397,2024,Employed
1398,2024,Not in labor force
1399,2024,Employed
1400,2024,Employed
1401,2024,Unemployed
1402,2024,Employed
1403,2024,Employed
1404,2024,Unemployed
1405,2024,Employed
1406,2024,Employed
1407,2024,Employed
1408,2024,Not in labor force
1409,2024,Employed
1410,2024,Employed
1411,2024,Employed
1412,2024,Not in labor force
1413,2024,Not in labor force
1414,2024,Employed
1415,2024,Employed
1416,2024,Employed
1417,2024,Not in labor force
1418,2024,Employed
1419,2024,Employed
1420,2024,Unemployed
1421,2024,Unemployed
1422,2024,Employed
1423,2024,Employed
1424,2024,Employed
1425,2024,Employed
1426,2024,Not in labor force
1427,2024,Employed
1428,2024,Not in labor force
1429,2024,Not in labor force
1430,2024,Unemployed
1431,2024,Unemployed
1432,2024,Unemployed
1433,2024,Employed
1434,2024,Employed
1435,2024,Employed
1436,2024,Not in labor force
1437,2024,Employed
1438,2024,Not in labor force
1439,2024,Employed
1440,2024,Employed
1441,2024,Not in labor force
1442,2024,Not in labor force
1443,2024,Employed
1444,2024,Employed
1445,2024,Employed
1446,2024,Not in labor force
1447,2024,Employed
1448,2024,Employed
1449,2024,Employed
1450,2024,Unemployed
1451,2024,Employed
1452,2024,Employed
1453,2024,Not in labor force
1454,2024,Employed
1455,2024,Employed
1456,2024,Employed
1457,2024,Employed
1458,2024,Employed
1459,2024,Employed
1460,2024,Not in labor force
1461,2024,Employed
1462,2024,Employed
1463,2024,Employed
1464,2024,Employed
1465,2024,Unemployed
1466,2024,Employed
1467,2024,Unemployed
1468,2024,Not in labor force
1469,2024,Unemployed
1470,2024,Employed
1471,2024,Employed
1472,2024,Employed
1473,2024,Employed
1474,2024,Employed
1475,2024,Employed
1476,2024,Unemployed
1477,2024,Employed
1478,2024,Not in labor force
1479,2024,Employed
1480,2024,Employed
1481,2024,Unemployed
1482,2024,Not in labor force
1483,2024,Not in labor force
1484,2024,Not in labor force
1485,2024,Unemployed
1486,2024,Employed
1487,2024,Unemployed
1488,2024,Employed
1489,2024,Employed
1490,2024,Employed
1491,2024,Employed
1492,2024,Employed
1493,2024,Employed
1494,2024,Unemployed
1495,2024,Not in labor force
1496,2024,Unemployed
1497,2024,Employed
1498,2024,Unemployed
1499,2024,Employed
1500,2024,Employed
1501,2024,Employed
1502,2024,Unemployed
1503,2024,Not in labor force
1504,2024,Not in labor force
1505,2024,Employed
1506,2024,Not in labor force
1507,2024,Not in labor force
1508,2024,Not in labor force
1509,2024,Unemployed
1510,2024,Not in labor force
1511,2024,Employed
1512,2024,Employed
1513,2024,Employed
1514,2024,Not in labor force
1515,2024,Unemployed
1516,2024,Not in labor force
1517,2024,Employed
1518,2024,Unemployed
1519,2024,Employed
1520,2024,Not in labor force
1521,2024,Employed
1522,2024,Employed
1523,2024,Not in labor force
1524,2024,Employed
1525,2024,Not in labor force
1526,2024,Not in labor force
1527,2024,Employed
1528,2024,Unemployed
1529,2024,Employed
1530,2024,Not in labor force
1531,2024,Employed
1532,2024,Not in labor force
1533,2024,Not in labor force
1534,2024,Employed
1535,2024,Unemployed
1536,2024,Employed
1537,2024,Unemployed
1538,2024,Unemployed
1539,2024,Employed
1540,2024,Employed
1541,2024,Employed
1542,2024,Unemployed
1543,2024,Not in labor force
1544,2024,Employed
1545,2024,Employed
1546,2024,Employed
1547,2024,Unemployed
1548,2024,Employed
1549,2024,Employed
1550,2024,Employed
1551,2024,Employed
1552,2024,Employed
1553,2024,Employed
1554,2024,Employed
1555,2024,Not in labor force
1556,2024,Employed
1557,2024,Employed
1558,2024,Employed
1559,2024,Employed
1560,2024,Not in labor force
1561,2024,Employed
1562,2024,Employed
1563,2024,Unemployed
1564,2024,Unemployed
1565,2024,Employed
1566,2024,Employed
1567,2024,Unemployed
1568,2024,Employed
1569,2024,Employed
1570,2024,Unemployed
1571,2024,Employed
1572,2024,Employed
1573,2024,Employed
1574,2024,Unemployed
1575,2024,Unemployed
1576,2024,Unemployed
1577,2024,Not in labor force
1578,2024,Employed
1579,2024,Employed
1580,2024,Not in labor force
1581,2024,Employed
1582,2024,Unemployed
1583,2024,Unemployed
1584,2024,Not in labor force
1585,2024,Employed
1586,2024,Employed
1587,2024,Employed
1588,2024,Employed
1589,2024,Employed
1590,2024,Not in labor force
1591,2024,Not in labor force
1592,2024,Employed
1593,2024,Employed
1594,2024,Unemployed
1595,2024,Not in labor force
1596,2024,Employed
1597,2024,Not in labor force
1598,2024,Unemployed
1599,2024,Not in labor force
1600,2024,Not in labor force
1601,2024,Not in labor force
1602,2024,Employed
1603,2024,Employed
1604,2024,Employed
1605,2024,Employed
1606,2024,Employed
1607,2024,Employed
1608,2024,Unemployed
1609,2024,Not in labor force
1610,2024,Not in labor force
1611,2024,Employed
1612,2024,Not in labor force
1613,2024,Employed
1614,2024,Not in labor force
1615,2024,Not in labor force
1616,2024,Not in labor force
1617,2024,Employed
1618,2024,Employed
1619,2024,Not in labor force
1620,2024,Employed
1621,2024,Not in labor force
1622,2024,Not in labor force
1623,2024,Employed
1624,2024,Employed
1625,2024,Employed
1626,2024,Employed
1627,2024,Employed
1628,2024,Not in labor force
1629,2024,Not in labor force
1630,2024,Not in labor force
1631,2024,Employed
1632,2024,Employed
1633,2024,Employed
1634,2024,Not in labor force
1635,2024,Unemployed
1636,2024,Employed
1637,2024,Not in labor force
1638,2024,Employed
1639,2024,Employed
1640,2024,Employed
1641,2024,Not in labor force
1642,2024,Employed
1643,2024,Not in labor force
1644,2024,Employed
1645,2024,Not in labor force
1646,2024,Not in labor force
1647,2024,Employed
1648,2024,Employed
1649,2024,Employed
1650,2024,Employed
1651,2024,Not in labor force
1652,2024,Not in labor force
1653,2024,Employed
1654,2024,Employed
1655,2024,Employed
1656,2024,Employed
1657,2024,Employed
1658,2024,Employed
1659,2024,Not in labor force
1660,2024,Unemployed
1661,2024,Unemployed
1662,2024,Employed
1663,2024,Not in labor force
1664,2024,Employed
1665,2024,Employed
1666,2024,Employed
1667,2024,Employed
1668,2024,Employed
1669,2024,Unemployed
1670,2024,Employed
1671,2024,Employed
1672,2024,Employed
1673,2024,Employed
1674,2024,Employed
1675,2024,Employed
1676,2024,Unemployed
1677,2024,Employed
1678,2024,Employed
1679,2024,Employed
1680,2024,Unemployed
1681,2024,Employed
1682,2024,Unemployed
1683,2024,Employed
1684,2024,Employed
1685,2024,Not in labor force
1686,2024,Not in labor force
1687,2024,Employed
1688,2024,Employed
1689,2024,Not in labor force
1690,2024,Employed
1691,2024,Not in labor force
1692,2024,Employed
1693,2024,Unemployed
1694,2024,Employed
1695,2024,Employed
1696,2024,Employed
1697,2024,Employed
1698,2024,Employed
1699,2024,Employed
1700,2024,Employed
1701,2024,Unemployed
1702,2024,Employed
1703,2024,Employed
1704,2024,Employed
1705,2024,Employed
1706,2024,Employed
1707,2024,Employed
1708,2024,Employed
1709,2024,Unemployed
1710,2024,Not in labor force
1711,2024,Employed
1712,2024,Unemployed
1713,2024,Employed
1714,2024,Employed
1715,2024,Unemployed
1716,2024,Employed
1717,2024,Unemployed
1718,2024,Employed
1719,2024,Employed
1720,2024,Employed
1721,2024,Not in labor force
1722,2024,Not in labor force
1723,2024,Employed
1724,2024,Employed
1725,2024,Employed
1726,2024,Employed
1727,2024,Unemployed
1728,2024,Employed
1729,2024,Employed
1730,2024,Employed
1731,2024,Employed
1732,2024,Employed
1733,2024,Unemployed
1734,2024,Unemployed
1735,2024,Employed
1736,2024,Employed
1737,2024,Employed
1738,2024,Employed
1739,2024,Employed
1740,2024,Employed
1741,2024,Unemployed
1742,2024,Employed
1743,2024,Employed
1744,2024,Not in labor force
1745,2024,Not in labor force
1746,2024,Not in labor force
1747,2024,Employed
1748,2024,Not in labor force
1749,2024,Employed
1750,2024,Employed
1751,2024,Not in labor force
1752,2024,Unemployed
1753,2024,Not in labor force
1754,2024,Employed
1755,2024,Not in labor force
1756,2024,Employed
1757,2024,Employed
1758,2024,Employed
1759,2024,Not in labor force
1760,2024,Not in labor force
1761,2024,Not in labor force
1762,2024,Employed
1763,2024,Not in labor force
1764,2024,Not in labor force
1765,2024,Unemployed
1766,2024,Employed
1767,2024,Employed
1768,2024,Employed
1769,2024,Employed
1770,2024,Not in labor force
1771,2024,Unemployed
1772,2024,Not in labor force
1773,2024,Employed
1774,2024,Unemployed
1775,2024,Not in labor force
1776,2024,Employed
1777,2024,Employed
1778,2024,Not in labor force
1779,2024,Employed
1780,2024,Not in labor force
1781,2024,Employed
1782,2024,Employed
1783,2024,Employed
1784,2024,Unemployed
1785,2024,Employed
1786,2024,Employed
1787,2024,Employed
1788,2024,Employed
1789,2024,Employed
1790,2024,Unemployed
1791,2024,Employed
1792,2024,Employed
1793,2024,Not in labor force
1794,2024,Employed
1795,2024,Employed
1796,2024,Not in labor force
1797,2024,Not in labor force
1798,2024,Employed
1799,2024,Not in labor force
1800,2024,Employed
1801,2024,Employed
1802,2024,Employed
1803,2024,Unemployed
1804,2024,Unemployed
1805,2024,Not in labor force
1806,2024,Unemployed
1807,2024,Unemployed
1808,2024,Not in labor force
1809,2024,Not in labor force
1810,2024,Unemployed
1811,2024,Unemployed
1812,2024,Employed
1813,2024,Employed
1814,2024,Employed
1815,2024,Not in labor force
1816,2024,Not in labor force
1817,2024,Employed
1818,2024,Employed
1819,2024,Unemployed
1820,2024,Not in labor force
1821,2024,Employed
1822,2024,Not in labor force
1823,2024,Employed
1824,2024,Not in labor force
1825,2024,Employed
1826,2024,Unemployed
1827,2024,Employed
1828,2024,Unemployed
1829,2024,Unemployed
1830,2024,Employed
1831,2024,Unemployed
1832,2024,Employed
1833,2024,Not in labor force
1834,2024,Employed
1835,2024,Employed
1836,2024,Employed
1837,2024,Employed
1838,2024,Employed
1839,2024,Not in labor force
1840,2024,Unemployed
1841,2024,Not in labor force
1842,2024,Employed
1843,2024,Employed
1844,2024,Employed
1845,2024,Employed
1846,2024,Employed
1847,2024,Not in labor force
1848,2024,Employed
1849,2024,Unemployed
1850,2024,Unemployed
1851,2024,Employed
1852,2024,Employed
1853,2024,Not in labor force
1854,2024,Employed
1855,2024,Employed
1856,2024,Not in labor force
1857,2024,Employed
1858,2024,Employed
1859,2024,Employed
1860,2024,Employed
1861,2024,Unemployed
1862,2024,Not in labor force
1863,2024,Employed
1864,2024,Not in labor force
1865,2024,Employed
1866,2024,Employed
1867,2024,Employed
1868,2024,Unemployed
1869,2024,Employed
1870,2024,Employed
1871,2024,Employed
1872,2024,Unemployed
1873,2024,Employed
1874,2024,Employed
1875,2024,Not in labor force
1876,2024,Unemployed
1877,2024,Employed
1878,2024,Unemployed
1879,2024,Employed
1880,2024,Not in labor force
1881,2024,Employed
1882,2024,Unemployed
1883,2024,Unemployed
1884,2024,Employed
1885,2024,Not in labor force
1886,2024,Not in labor force
1887,2024,Not in labor force
1888,2024,Employed
1889,2024,Employed
1890,2024,Not in labor force
1891,2024,Not in labor force
1892,2024,Unemployed
1893,2024,Employed
1894,2024,Employed
1895,2024,Not in labor force
1896,2024,Employed
1897,2024,Not in labor force
1898,2024,Employed
1899,2024,Employed
1900,2024,Employed
1901,2024,Employed
1902,2024,Unemployed
1903,2024,Employed
1904,2024,Employed
1905,2024,Employed
1906,2024,Not in labor force
1907,2024,Employed
1908,2024,Unemployed
1909,2024,Employed
1910,2024,Not in labor force
1911,2024,Employed
1912,2024,Not in labor force
1913,2024,Not in labor force
1914,2024,Employed
1915,2024,Employed
1916,2024,Unemployed
1917,2024,Employed
1918,2024,Unemployed
1919,2024,Not in labor force
1920,2024,Not in labor force
1921,2024,Employed
1922,2024,Not in labor force
1923,2024,Not in labor force
1924,2024,Not in labor force
1925,2024,Not in labor force
1926,2024,Employed
1927,2024,Employed
1928,2024,Unemployed
1929,2024,Not in labor force
1930,2024,Employed
1931,2024,Employed
1932,2024,Employed
1933,2024,Employed
1934,2024,Unemployed
1935,2024,Not in labor force
1936,2024,Employed
1937,2024,Unemployed
1938,2024,Not in labor force
1939,2024,Not in labor force
1940,2024,Not in labor force
1941,2024,Employed
1942,2024,Employed
1943,2024,Employed
1944,2024,Employed
1945,2024,Not in labor force
1946,2024,Unemployed
1947,2024,Employed
1948,2024,Employed
1949,2024,Employed
1950,2024,Not in labor force
1951,2024,Not in labor force
1952,2024,Employed
1953,2024,Employed
1954,2024,Employed
1955,2024,Employed
1956,2024,Unemployed
1957,2024,Employed
1958,2024,Employed
1959,2024,Employed
1960,2024,Not in labor force
1961,2024,Employed
1962,2024,Employed
1963,2024,Employed
1964,2024,Employed
1965,2024,Not in labor force
1966,2024,Employed
1967,2024,Not in labor force
1968,2024,Not in labor force
1969,2024,Unemployed
1970,2024,Not in labor force
1971,2024,Employed
1972,2024,Employed
1973,2024,Unemployed
1974,2024,Employed
1975,2024,Employed
1976,2024,Employed
1977,2024,Not in labor force
1978,2024,Employed
1979,2024,Not in labor force
1980,2024,Unemployed
1981,2024,Employed
1982,2024,Employed
1983,2024,Employed
1984,2024,Employed
1985,2024,Employed
1986,2024,Not in labor force
1987,2024,Employed
1988,2024,Employed
1989,2024,Not in labor force
1990,2024,Not in labor force
1991,2024,Employed
1992,2024,Not in labor force
1993,2024,Not in labor force
1994,2024,Unemployed
1995,2024,Not in labor force
1996,2024,Unemployed
1997,2024,Employed
1998,2024,Employed
1999,2024,Employed
2000,2024,Not in labor force
2001,2024,Employed
2002,2024,Not in labor force
2003,2024,Not in labor force
2004,2024,Employed
2005,2024,Employed
2006,2024,Employed
2007,2024,Employed
2008,2024,Not in labor force
2009,2024,Not in labor force
2010,2024,Employed
2011,2024,Not in labor force
2012,2024,Unemployed
2013,2024,Employed
2014,2024,Employed
2015,2024,Employed
2016,2024,Unemployed
2017,2024,Employed
2018,2024,Employed
2019,2024,Employed
2020,2024,Unemployed
2021,2024,Unemployed
2022,2024,Not in labor force
2023,2024,Employed
2024,2024,Not in labor force
2025,2024,Unemployed
2026,2024,Employed
2027,2024,Unemployed
2028,2024,Employed
2029,2024,Not in labor force
2030,2024,Unemployed
2031,2024,Employed
2032,2024,Employed
2033,2024,Not in labor force
2034,2024,Employed
2035,2024,Not in labor force
2036,2024,Not in labor force
2037,2024,Employed
2038,2024,Not in labor force
2039,2024,Employed
2040,2024,Employed
2041,2024,Not in labor force
2042,2024,Employed
2043,2024,Unemployed
2044,2024,Unemployed
2045,2024,Employed
2046,2024,Employed
2047,2024,Not in labor force
2048,2024,Employed
2049,2024,Not in labor force
2050,2024,Not in labor force
2051,2024,Not in labor force
2052,2024,Employed
2053,2024,Employed
2054,2024,Employed
2055,2024,Not in labor force
2056,2024,Employed
2057,2024,Unemployed
2058,2024,Employed
2059,2024,Unemployed
2060,2024,Employed
2061,2024,Employed
2062,2024,Employed
2063,2024,Unemployed
2064,2024,Not in labor force
2065,2024,Not in labor force
2066,2024,Not in labor force
2067,2024,Unemployed
2068,2024,Unemployed
2069,2024,Employed
2070,2024,Employed
2071,2024,Unemployed
2072,2024,Employed
2073,2024,Not in labor force
2074,2024,Not in labor force
2075,2024,Employed
2076,2024,Unemployed
2077,2024,Employed
2078,2024,Employed
2079,2024,Employed
2080,2024,Unemployed
2081,2024,Not in labor force
2082,2024,Employed
2083,2024,Not in labor force
2084,2024,Not in labor force
2085,2024,Employed
2086,2024,Employed
2087,2024,Employed
2088,2024,Employed
2089,2024,Employed
2090,2024,Not in labor force
2091,2024,Unemployed
2092,2024,Employed
2093,2024,Employed
2094,2024,Unemployed
2095,2024,Employed
2096,2024,Employed
2097,2024,Not in labor force
2098,2024,Unemployed
2099,2024,Employed
2100,2024,Not in labor force
2101,2024,Not in labor force
2102,2024,Employed
2103,2024,Employed
2104,2024,Unemployed
2105,2024,Employed
2106,2024,Unemployed
2107,2024,Employed
2108,2024,Employed
2109,2024,Employed
2110,2024,Employed
2111,2024,Employed
2112,2024,Employed
2113,2024,Not in labor force
2114,2024,Employed
2115,2024,Employed
2116,2024,Employed
2117,2024,Employed
2118,2024,Employed
2119,2024,Employed
2120,2024,Not in labor force
2121,2024,Not in labor force
2122,2024,Employed
2123,2024,Employed
2124,2024,Employed
2125,2024,Not in labor force
2126,2024,Employed
2127,2024,Not in labor force
2128,2024,Employed
2129,2024,Unemployed
2130,2024,Unemployed
2131,2024,Employed
2132,2024,Employed
2133,2024,Employed
2134,2024,Employed
2135,2024,Employed
2136,2024,Employed
2137,2024,Not in labor force
2138,2024,Employed
2139,2024,Not in labor force
2140,2024,Employed
2141,2024,Employed
2142,2024,Unemployed
2143,2024,Unemployed
2144,2024,Not in labor force
2145,2024,Employed
2146,2024,Employed
2147,2024,Employed
2148,2024,Employed
2149,2024,Employed
2150,2024,Unemployed
2151,2024,Employed
2152,2024,Not in labor force
2153,2024,Not in labor force
2154,2024,Employed
2155,2024,Employed
2156,2024,Employed
2157,2024,Employed
2158,2024,Employed
2159,2024,Not in labor force
2160,2024,Not in labor force
2161,2024,Unemployed
2162,2024,Not in labor force
2163,2024,Employed
2164,2024,Employed
2165,2024,Employed
2166,2024,Employed
2167,2024,Employed
2168,2024,Not in labor force
2169,2024,Not in labor force
2170,2024,Unemployed
2171,2024,Employed
2172,2024,Employed
2173,2024,Unemployed
2174,2024,Not in labor force
2175,2024,Employed
2176,2024,Not in labor force
2177,2024,Employed
2178,2024,Unemployed
2179,2024,Employed
2180,2024,Not in labor force
2181,2024,Unemployed
2182,2024,Employed
2183,2024,Employed
2184,2024,Unemployed
2185,2024,Unemployed
2186,2024,Employed
2187,2024,Not in labor force
2188,2024,Unemployed
2189,2024,Employed
2190,2024,Employed
2191,2024,Unemployed
2192,2024,Employed
2193,2024,Employed
2194,2024,Employed
2195,2024,Unemployed
2196,2024,Not in labor force
2197,2024,Employed
2198,2024,Not in labor force
2199,2024,Employed
2200,2024,Not in labor force
2201,2024,Employed
2202,2024,Employed
2203,2024,Not in labor force
2204,2024,Unemployed
2205,2024,Employed
2206,2024,Employed
2207,2024,Employed
2208,2024,Unemployed
2209,2024,Unemployed
2210,2024,Not in labor force
2211,2024,Unemployed
2212,2024,Unemployed
2213,2024,Employed
2214,2024,Not in labor force
2215,2024,Employed
2216,2024,Unemployed
2217,2024,Employed
2218,2024,Not in labor force
2219,2024,Employed
2220,2024,Unemployed
2221,2024,Not in labor force
2222,2024,Unemployed
2223,2024,Employed
2224,2024,Not in labor force
2225,2024,Unemployed
2226,2024,Unemployed
2227,2024,Not in labor force
2228,2024,Not in labor force
2229,2024,Unemployed
2230,2024,Unemployed
2231,2024,Employed
2232,2024,Employed
2233,2024,Unemployed
2234,2024,Not in labor force
2235,2024,Employed
2236,2024,Employed
2237,2024,Employed
2238,2024,Employed
2239,2024,Employed
2240,2024,Employed
2241,2024,Employed
2242,2024,Unemployed
2243,2024,Employed
2244,2024,Employed
2245,2024,Employed
2246,2024,Not in labor force
2247,2024,Employed
2248,2024,Not in labor force
2249,2024,Employed
2250,2024,Employed
2251,2024,Not in labor force
2252,2024,Employed
2253,2024,Employed
2254,2024,Employed
2255,2024,Unemployed
2256,2024,Not in labor force
2257,2024,Unemployed
2258,2024,Employed
2259,2024,Employed
2260,2024,Unemployed
2261,2024,Unemployed
2262,2024,Employed
2263,2024,Not in labor force
2264,2024,Not in labor force
2265,2024,Not in labor force
2266,2024,Not in labor force
2267,2024,Employed
2268,2024,Employed
2269,2024,Employed
2270,2024,Employed
2271,2024,Employed
2272,2024,Employed
2273,2024,Not in labor force
2274,2024,Unemployed
2275,2024,Not in labor force
2276,2024,Not in labor force
2277,2024,Employed
2278,2024,Not in labor force
2279,2024,Employed
2280,2024,Employed
2281,2024,Unemployed
2282,2024,Employed
2283,2024,Employed
2284,2024,Employed
2285,2024,Employed
2286,2024,Employed
2287,2024,Not in labor force
2288,2024,Employed
2289,2024,Employed
2290,2024,Employed
2291,2024,Not in labor force
2292,2024,Not in labor force
2293,2024,Employed
2294,2024,Not in labor force
2295,2024,Employed
2296,2024,Employed
2297,2024,Unemployed
2298,2024,Not in labor force
2299,2024,Not in labor force
2300,2024,Employed
2301,2024,Employed
2302,2024,Not in labor force
2303,2024,Not in labor force
2304,2024,Employed
2305,2024,Employed
2306,2024,Employed
2307,2024,Employed
2308,2024,Employed
2309,2024,Employed
2310,2024,Unemployed
2311,2024,Employed
2312,2024,Employed
2313,2024,Unemployed
2314,2024,Employed
2315,2024,Employed
2316,2024,Employed
2317,2024,Not in labor force
2318,2024,Unemployed
2319,2024,Not in labor force
2320,2024,Unemployed
2321,2024,Unemployed
2322,2024,Employed
2323,2024,Unemployed
2324,2024,Not in labor force
2325,2024,Not in labor force
2326,2024,Employed
2327,2024,Not in labor force
2328,2024,Unemployed
2329,2024,Unemployed
2330,2024,Employed
2331,2024,Not in labor force
2332,2024,Employed
2333,2024,Employed
2334,2024,Employed
2335,2024,Not in labor force
2336,2024,Unemployed
2337,2024,Employed
2338,2024,Employed
2339,2024,Not in labor force
2340,2024,Not in labor force
2341,2024,Unemployed
2342,2024,Unemployed
2343,2024,Not in labor force
2344,2024,Employed
2345,2024,Unemployed
2346,2024,Employed
2347,2024,Employed
2348,2024,Unemployed
2349,2024,Employed
2350,2024,Employed
2351,2024,Employed
2352,2024,Not in labor force
2353,2024,Employed
2354,2024,Unemployed
2355,2024,Employed
2356,2024,Employed
2357,2024,Employed
2358,2024,Employed
2359,2024,Employed
2360,2024,Employed
2361,2024,Not in labor force
2362,2024,Employed
2363,2024,Employed
2364,2024,Unemployed
2365,2024,Unemployed
2366,2024,Employed
2367,2024,Employed
2368,2024,Not in labor force
2369,2024,Unemployed
2370,2024,Employed
2371,2024,Employed
2372,2024,Employed
2373,2024,Not in labor force
2374,2024,Not in labor force
2375,2024,Unemployed
2376,2024,Not in labor force
2377,2024,Employed
2378,2024,Not in labor force
2379,2024,Unemployed
2380,2024,Employed
2381,2024,Employed
2382,2024,Employed
2383,2024,Employed
2384,2024,Unemployed
2385,2024,Not in labor force
2386,2024,Not in labor force
2387,2024,Employed
2388,2024,Employed
2389,2024,Not in labor force
2390,2024,Employed
2391,2024,Unemployed
2392,2024,Unemployed
2393,2024,Employed
2394,2024,Employed
2395,2024,Employed
2396,2024,Unemployed
2397,2024,Not in labor force
2398,2024,Employed
2399,2024,Unemployed
2400,2024,Employed
2401,2024,Employed
2402,2024,Employed
2403,2024,Not in labor force
2404,2024,Not in labor force
2405,2024,Employed
2406,2024,Employed
2407,2024,Not in labor force
2408,2024,Employed
2409,2024,Not in labor force
2410,2024,Not in labor force
2411,2024,Employed
2412,2024,Unemployed
2413,2024,Employed
2414,2024,Employed
2415,2024,Employed
2416,2024,Employed
2417,2024,Employed
2418,2024,Employed
2419,2024,Not in labor force
2420,2024,Not in labor force
2421,2024,Unemployed
2422,2024,Employed
2423,2024,Employed
2424,2024,Employed
2425,2024,Employed
2426,2024,Not in labor force
2427,2024,Unemployed
2428,2024,Not in labor force
2429,2024,Employed
2430,2024,Employed
2431,2024,Employed
2432,2024,Employed
2433,2024,Employed
2434,2024,Employed
2435,2024,Employed
2436,2024,Employed
2437,2024,Employed
2438,2024,Employed
2439,2024,Employed
2440,2024,Employed
2441,2024,Not in labor force
2442,2024,Not in labor force
2443,2024,Employed
2444,2024,Employed
2445,2024,Not in labor force
2446,2024,Not in labor force
2447,2024,Employed
2448,2024,Employed
2449,2024,Unemployed
2450,2024,Unemployed
2451,2024,Not in labor force
2452,2024,Employed
2453,2024,Employed
2454,2024,Employed
2455,2024,Employed
2456,2024,Employed
2457,2024,Unemployed
2458,2024,Employed
2459,2024,Employed
2460,2024,Not in labor force
2461,2024,Not in labor force
2462,2024,Employed
2463,2024,Unemployed
2464,2024,Employed
2465,2024,Not in labor force
2466,2024,Employed
2467,2024,Not in labor force
2468,2024,Employed
2469,2024,Unemployed
2470,2024,Not in labor force
2471,2024,Not in labor force
2472,2024,Employed
2473,2024,Not in labor force
2474,2024,Unemployed
2475,2024,Employed
2476,2024,Employed
2477,2024,Employed
2478,2024,Not in labor force
2479,2024,Employed
2480,2024,Employed
2481,2024,Unemployed
2482,2024,Unemployed
2483,2024,Unemployed
2484,2024,Unemployed
2485,2024,Not in labor force
2486,2024,Employed
2487,2024,Employed
2488,2024,Employed
2489,2024,Employed
2490,2024,Employed
2491,2024,Employed
2492,2024,Unemployed
2493,2024,Unemployed
2494,2024,Not in labor force
2495,2024,Unemployed
2496,2024,Unemployed
2497,2024,Employed
2498,2024,Employed
2499,2024,Unemployed
2500,2024,Employed
