year,student_id,gender,math,read,science,escs
2012,35,female,423.9835,529.1733,443.342,-0.16
2012,1035,female,451.0905,476.1929,475.3264,0.92
2012,1385,male,370.2368,372.3248,378.3476,0.28
2012,1451,female,366.7316,434.6504,439.3323,0.51
2012,1916,male,456.6989,425.8146,492.3909,-0.73
2012,2641,male,465.5009,484.2764,562.141,-1.24
2012,2773,male,404.1206,390.529,416.0201,0.4
2012,2978,female,521.3507,501.3725,522.6035,0.39
2012,3098,female,411.7542,462.3719,385.9008,-1.47
2012,3104,female,476.0944,524.4075,452.0142,-0.11
2012,3488,female,487.3111,568.0151,481.0145,0.2
2012,3548,male,756.5898,716.3593,778.3849,0.81
2012,4020,male,557.3376,611.3045,561.1153,-0.16
2012,4299,female,503.2793,574.6873,566.7102,0.87
2012,4645,male,492.3742,541.5353,546.1954,1.26
2012,5698,male,701.441,616.1161,712.1783,1.05
2012,6045,male,532.9568,499.5133,561.768,0.88
2012,6554,male,464.7219,470.6433,494.0694,2.06
2012,6649,male,582.0299,566.155,590.0224,-0.88
2012,7230,male,268.9749,275.2895,302.8161,-0.99
2012,7340,male,374.1315,408.1718,427.1167,-1.46
2012,7420,female,484.7406,510.1099,553.9351,-0.06
2012,7553,female,417.752,451.5692,388.605,0.17
2012,7802,male,569.489,573.6131,579.765,0.98
2012,8052,male,661.2479,616.5973,629.1869,0.8
2012,8119,male,731.6638,701.9243,775.5875,1.31
2012,8297,female,537.3189,558.5628,523.2562,0.45
2012,8590,female,453.661,566.2676,510.0149,0.83
2012,9303,male,325.2921,266.9493,363.5211,-0.68
2012,9658,male,451.6358,435.4379,378.7206,0.44
2012,9863,female,420.9456,390.7251,465.2555,-0.33
2012,9954,male,585.1457,624.697,612.4021,0.81
2012,10116,female,381.7651,509.5539,477.1913,-0.57
2012,10516,female,411.4426,370.3113,413.5957,
2012,10858,male,532.1779,516.4344,532.0216,0.73
2012,10861,male,448.1305,485.1585,460.1268,0.4
2012,11480,female,439.7959,463.9605,377.5084,-0.76
2012,11548,male,386.7503,425.2532,424.0395,0.94
2012,11821,female,494.9447,515.5112,466.8407,-0.61
2012,11826,female,598.6992,545.7744,511.7866,-1.19
2012,11860,male,595.3497,587.2461,619.862,0.65
2012,12526,female,499.2289,585.4899,551.7904,0.36
2012,12988,male,523.6875,530.0674,551.5106,0.91
2012,13072,female,486.7659,506.8532,494.9086,0.51
2012,13201,male,439.4843,417.7951,397.9299,0.71
2012,13311,male,413.7794,466.7138,486.5162,0.81
2012,13341,male,698.0916,632.7164,698.0045,0.47
2012,13567,male,291.1746,288.682,329.2988,-0.1
2012,14164,male,520.0265,542.8184,522.9765,0.72
2012,14478,male,318.749,281.4645,238.288,0.29
2018,3601418,female,422.028,417.986,440.32,
2018,3602515,female,458.986,447.816,451.66,0.0691
2018,3602539,male,485.77,502.833,487.998,0.7693
2018,3602700,male,468.947,443.422,483.847,-0.6413
2018,3603478,female,548.589,571.812,521.73,1.5573
2018,3604175,female,526.141,477.567,531.282,-0.6058
2018,3604250,male,627.199,602.945,585.386,
2018,3605431,male,616.044,533.547,570.316,0.7418
2018,3605478,female,446.151,494.597,533.198,-0.0152
2018,3605794,female,479.464,513.694,486.794,-0.816
2018,3606403,male,527.985,535.348,560.943,
2018,3606824,male,427.631,425.307,369.288,1.21
2018,3607394,male,328.574,273.412,387.071,-0.6275
2018,3607803,female,374.483,302.171,359.435,0.0977
2018,3607838,female,585.021,562.828,580.585,-1.2732
2018,3607858,female,538.538,564.986,513.884,-0.6438
2018,3608855,male,433.322,411.129,472.287,
2018,3608879,female,511.163,620.922,558.614,1.5946
2018,3609290,female,397.942,414.838,419.724,0.7618
2018,3609441,female,453.758,576.24,470.671,1.4645
2018,3609448,female,547.75,608.543,604.678,-0.4833
2018,3609989,female,500.734,527.084,552.317,-0.3648
2018,3610753,female,495.773,581.716,493.307,-0.3955
2018,3610910,female,405.548,400.786,402.968,1.0955
2018,3611489,male,572.802,569.205,575.67,0.2339
2018,3611596,male,490.543,397.457,476.587,-0.1855
2018,3611607,female,517.379,588.042,584.995,-0.4153
2018,3611904,male,307.27,258.977,325.47,0.2569
2018,3612075,male,504.428,513.729,554.778,0.0775
2018,3612937,female,558.341,643.865,630.615,-0.1411
2018,3613122,female,490.057,593.488,469.697,0.0932
2018,3613239,male,616.991,591.239,606.938,1.3007
2018,3613682,male,611.769,588.341,703.664,1.576
2018,3614063,male,535.616,484.086,565.57,0.8814
2018,3614285,female,667.748,697.062,675.422,0.377
2018,3616845,female,568.716,618.804,663.729,1.9141
2018,3617477,female,395.651,430.541,442.771,-0.6839
2018,3617511,male,357.214,338.256,358.037,-0.0142
2018,3617519,male,411.48,392.49,411.326,-2.0939
2018,3617759,male,488.389,584.711,669.013,-1.4675
2018,3618153,male,658.322,659.444,737.579,0.7435
2018,3618169,male,487.288,317.343,316.041,-0.3716
2018,3619274,female,384.705,389.163,310.324,1.164
2018,3619322,female,540.159,523.034,467.431,0.3353
2018,3619494,male,540.637,591.091,552.097,1.4213
2018,3620209,female,420.389,455.118,401.791,-1.337
2018,3621081,female,462.708,401.866,467.13,0.7428
2018,3621114,male,507.058,520.503,467.146,-0.441
2018,3621652,female,555.406,603.617,517.569,0.9297
2018,3621653,female,599.958,675.439,614.051,0.2385
2022,3600051,female,419.048,404.162,420.553,-0.1219
2022,3600326,female,684.156,713.167,628.184,-0.5703
2022,3601511,female,335.473,328.573,289.637,-0.8431
2022,3602065,male,745.802,792.703,742.502,1.2521
2022,3602167,female,621.998,665.496,668.186,1.7881
2022,3602836,female,639.477,656.562,616.359,1.7099
2022,3603921,female,426.877,472.903,393.772,0.2506
2022,3604117,female,511.53,553.707,563.159,
2022,3604412,female,519.639,559.143,576.544,-0.3907
2022,3604592,female,492.344,600.367,520.169,0.7272
2022,3604601,male,683.925,590.565,692.939,0.6237
2022,3605161,male,570.719,572.894,618.361,1.2088
2022,3605253,female,408.545,589.541,544.053,0.2649
2022,3605976,male,659.521,640.329,656.836,1.5517
2022,3606378,male,425.058,490.623,496.309,-1.4188
2022,3606897,female,439.772,395.377,438.844,1.3486
2022,3608482,male,582.682,487.448,606.141,-0.3694
2022,3608985,male,613.24,668.278,593.137,1.1883
2022,3609775,female,524.102,575.009,532.087,0.5894
2022,3609914,female,452.952,492.38,505.211,0.5083
2022,3610812,male,372.46,372.182,393.289,0.0825
2022,3610994,male,436.701,308.557,493.118,-0.0471
2022,3611120,male,389.842,472.824,452.56,0.6199
2022,3611305,male,506.585,518.089,500.419,
2022,3611689,female,410.64,437.501,500.5,0.5251
2022,3612046,male,388.33,372.673,304.167,-2.5946
2022,3612148,female,665.992,631.938,656.455,1.0597
2022,3612429,female,427.999,408.181,357.393,
2022,3612892,female,422.865,368.375,413.466,
2022,3613943,male,439.194,400.308,405.463,-0.7481
2022,3614462,female,605.941,529.649,613.488,1.2991
2022,3614769,female,397.137,397.441,337.791,0.1276
2022,3614896,male,390.558,497.522,557.194,0.8839
2022,3615134,male,334.863,239.502,396.102,-1.8732
2022,3615766,female,500.05,554.15,606.875,-0.4937
2022,3616283,male,642.91,632.648,628.063,-0.5456
2022,3616287,female,563.313,596.772,629.841,1.4318
2022,3617209,female,499.539,601.548,499.659,0.9831
2022,3617311,male,546.292,631.045,669.279,0.9265
2022,3617728,female,394.208,365.349,330.541,-0.3435
2022,3617739,male,580.975,609.281,610.411,0.0775
2022,3617788,male,598.387,599.212,574.851,1.374
2022,3618799,female,546.87,604.824,642.035,1.1183
2022,3619508,female,514.864,592.738,545.045,1.3649
2022,3619639,male,405.804,466.023,454.402,0.1775
2022,3619834,male,411.929,305.111,352.459,0.6807
2022,3619997,male,587.154,415.989,537.181,1.4893
2022,3620010,female,454.094,565.804,523.454,-1.1189
2022,3620058,female,510.132,414.546,524.404,-0.1213
2022,3620188,female,581.278,625.947,664.897,1.337
