LGA,total_net_exp,adult_pop,egm_per_1000,exp_per_adult,unemployed,ue_rate,SEIFA_dis_score
City of Whittlesea,139026831.82000002,189810.877672327,3.6299289505917023,732.4492332836891,6849,0.0503884523704423,989.6036133
Shire of Nillumbik,9368870.02,49430.46054385936,1.8207396615320528,189.53636921280668,705,0.0178228334513095,1092.873619
Rural City of Ararat,6256569.22,9808.851749039755,8.971488432233143,637.8492998033629,258,0.0439597887203953,955.2148339
Shire of Northern Grampians,4590890.100000001,9799.712937256012,8.163504432447239,468.4718960028519,253,0.0397486252945797,951.3008393
Borough of Queenscliffe,1176843.4300000002,2884.879446101236,10.399048057465082,407.93504615606815,20,0.0128369704749679,1082.243248
City of Greater Geelong,134811043.09,229523.24338904463,5.8556161029926885,587.3524663534563,6503,0.041341648707239,1007.331026
Shire of Corangamite,3785427.4899999993,12836.10625978657,4.440598951612898,294.90465514913404,136,0.0156142365097588,984.5903646
Shire of Colac-Otway,7723366.709999999,18133.30260063746,6.066186751669442,425.92168013169817,227,0.0188116350377061,972.58665
Shire of Hepburn,3491644.65,14158.207654709591,4.025933323632212,246.6162903634584,247,0.0298959089808763,1006.251286
Shire of Moorabool,10391902.96,31104.797304095384,3.5364319826484434,334.0932544393002,712,0.0318539727988546,1017.233908
Shire of Central Goldfields,8278358.689999999,11304.66798469416,8.757444281781654,732.2956057805854,491,0.0900752155567785,897.5571127
Shire of Mount Alexander,3171764.14,17271.396181992848,1.7369759620984198,183.6426022875256,224,0.0231956094025059,1007.453034
Shire of Mansfield,1652829.2500000002,8490.667846131611,4.711054621954643,194.66422193785817,92,0.016693884957358,1027.619655
Shire of Murrindindi,1612711.97,12958.67680052883,1.9292093154896628,124.45035822902744,292,0.0352699601401135,1004.689869
Shire of Mitchell,22222664.660000004,44395.67507994485,5.045536521218234,500.5592238429278,1280,0.0437053982995868,999.547638
Shire of Towong,436036.15,5088.390870016667,1.965257830117765,85.69234580019042,80,0.023788284269997,1000.769071
Shire of Alpine,2877179.41,10930.962105969846,5.306028823238151,263.2137392946093,130,0.0176846687525506,1027.612702
Shire of Moira,6137825.65,24985.8219437286,4.122337869531358,245.6523409085041,223,0.013251723318279,958.2606536
Shire of Strathbogie,2332739.66,9855.440423717686,3.246937592255152,236.6956279687032,178,0.0301388418557399,981.9917555
Rural City of Benalla,6307206.379999999,12121.883373608813,8.662020311843703,520.3157121385732,307,0.041928434853865,968.4478935
Shire of Gannawarra,2309731.08,8558.710723781845,5.257801256789739,269.86904389489604,173,0.0327713582117825,952.4122494
Shire of Campaspe,11094363.63,31136.53969672748,7.001420264529661,356.3133134914809,295,0.0131268633471276,964.8686286
Shire of Glenelg,8320328.12,16484.28001534414,7.279662799242662,504.74319243880535,302,0.0294318292564077,952.299167
Shire of Southern Grampians,6874736.64,13098.284610903243,5.725940627184775,524.8577843756233,191,0.0218660560961648,993.7303903
Shire of Wellington,26291861.26,37383.91000674536,8.479583862223139,703.2935093000181,899,0.0385621756101745,972.9694388
Rural City of Wodonga,10782766.810000002,34603.878015679344,4.334774268133577,311.6057340484852,953,0.0397812656536984,973.0740152
City of Warrnambool,23211597.75,28729.804125798622,8.144851909723744,807.9274626573796,395,0.01988121602577,994.9477931
City of Greater Bendigo,58668802.260000005,98693.027170084,6.707667390312521,594.4574195590567,1957,0.031019670624039,984.9620533
City of Ballarat,63550282.39,93882.28568082277,6.944867130915875,676.9145204459094,2816,0.0466433670680602,985.7093504
Rural City of Swan Hill,9660479.47,16574.05289444998,9.593308348451275,582.8676625760576,346,0.0288069269835983,940.6167909
City of Greater Shepparton,43126080.10000001,54657.594885474005,6.019291567610418,789.0226452584241,795,0.019872515935508,944.0409053
Rural City of Mildura,36959276.6,45529.7008810714,6.171795433798323,811.7619023358336,1281,0.0409395973154362,940.0018025
Shire of East Gippsland,30377352.32,41173.41176982487,8.063456141453788,737.7905064030405,1157,0.049795567032494,963.3117284
Shire of Bass Coast,20621836.61,35498.937387709084,6.00017960181951,580.9141942693745,661,0.0328741234395981,992.8285467
City of Latrobe,49584137.64,62732.22539052192,8.321082135225318,790.4093523117955,2366,0.0597655855309689,930.8178602
Shire of Surf Coast,4449256.77,31324.43181474968,2.8412327006069664,142.0379081833812,329,0.0145324440125447,1086.196967
Shire of South Gippsland,7157434.540000001,25101.187190766937,4.18306907964188,285.1432677508077,406,0.0252126932869651,1002.588744
Shire of Macedon Ranges,9695883.28,41093.93512045263,2.5064525871784045,235.9443857488916,452,0.0151261629074359,1062.808882
Rural City of Horsham,11641002.59,16042.795680980813,9.536991123148558,725.6218193815644,333,0.0287987546484476,990.0981008
Shire of Baw Baw,20430795.160000004,48169.90612879206,4.940844172784113,424.14023198164654,844,0.026331388637569,1003.321525
Rural City of Wangaratta,10559115.95,24077.06868409762,6.396127453077943,438.5548792729104,564,0.0349745752201413,988.3513064
City of Melbourne,95137726.95000002,163965.093764873,4.586342023982086,580.2315893310081,4959,0.0415667801042731,1016.684788
City of Moreland,61438680.97,151981.32856936497,4.2044638378612245,404.2515060786504,5399,0.0477293421855247,1026.530542
City of Darebin,84552235.28,131191.70150156828,5.442417407715874,644.4937775198323,4902,0.0509261664086767,1018.342368
City of Boroondara,18805362.94,140973.83395920836,1.1491494233382038,133.39612332201625,3211,0.031394211967149,1089.616442
City of Whitehorse,59662331.37,144757.72919114627,2.977388512573884,412.15299316569474,4236,0.0426169803917623,1042.697471
City of Manningham,58047020.8,104071.89475526812,4.4392388654633725,557.7588544582701,2826,0.0410505214839778,1056.081109
City of Banyule,58630345.09,103517.6780047258,6.1342179639212056,566.3800253259487,2460,0.0321119479943086,1057.684713
City of Maroondah,63968642.39999999,93422.47878334908,6.850599645125974,684.7243108197347,2613,0.0391454809665772,1041.026734
City of Knox,76623268.16,129908.16884668564,5.934961649023896,589.8264046076183,3663,0.0398529043769651,1042.169006
City of Monash,121417688.02,164255.80785065892,5.8141018725394735,739.1987510748645,2255,0.0200209531926983,1042.308433
City of Port Phillip,29442783.23,97825.99175285926,3.853781528250962,300.97096592061325,3143,0.0425195146038231,1061.015673
City of Kingston,86299825.28999999,131182.23160302686,6.997898943951327,657.8621527887526,3202,0.0334018338670811,1044.259648
City of Greater Dandenong,137923170.53,130773.4252969962,7.09624297056105,1054.6727686972042,5409,0.0642429569100669,886.6579124
City of Frankston,65795232.35,112815.3011001714,4.600439789095342,583.2119553674626,3044,0.0395525006171957,1003.136321
City of Casey,158435289.13000005,298107.98315040383,3.0391671850763475,531.4694610176373,10035,0.0464871725978153,994.6710391
Shire of Cardinia,36831475.25000001,96787.03281573906,4.184444839537851,380.54142356155216,2537,0.0350525719496525,1020.955982
Shire of Yarra Ranges,30596818.289999995,125712.88016637738,3.595494744864576,243.38650303378608,3519,0.0390340757831218,1041.249719
City of Hume,138016294.79999998,198226.4759107516,4.20226408290205,696.2556044336866,9760,0.0719000471475719,940.8164076
City of Brimbank,171667782.49,159547.55541161777,5.910463482609609,1075.9662349392518,6340,0.0589789387512093,912.4696637
Shire of Melton,90271752.75,158361.72173839674,3.302565760581727,570.0351812234214,5755,0.0518940657715579,985.1878685
City of Hobsons Bay,46936040.49,74338.31044475442,7.196827541535168,631.3842782972744,1594,0.0281944247912834,1020.66275
City of Wyndham,125213060.91,238883.40555107995,3.738225340265637,524.1597281366032,8035,0.0438426575143641,1005.516265
Shire of Mornington Peninsula,87818238.92000002,139504.7926300895,5.55536469671682,629.499798998724,2176,0.026070183425785,1037.538438
City of Yarra,29842339.2,88438.08394493589,3.2565155999910305,337.4376498091105,3272,0.0482602988244664,1045.741429
City of Maribyrnong,66253194.45,78609.09521721813,5.991673084374016,842.8184329933395,2457,0.0402121078214759,1009.717021
City of Stonnington,19809877.19,97486.40742114534,2.041310222258081,203.2065568322824,1856,0.0254826042782217,1084.476004
City of Glen Eira,71755193.09,124741.97091812664,5.226789309172731,575.2289511049647,2661,0.0280631077176182,1074.592644
City of Bayside,12380460.230000002,82672.82856997922,1.6692304156883728,149.75246939229183,1227,0.0206847721640621,1090.406575
City of Moonee Valley,85434267.05,104151.91244493944,7.162614516506143,820.2851493021346,2975,0.0389990037229301,1040.715483
Shire of Buloke,0.0,5012.069907313837,0.0,0.0,95,0.029060874885286,975.0490374
Shire of Golden Plains,0.0,19535.25745879043,0.0,0.0,409,0.0284640545619041,1039.942689
Shire of Hindmarsh,0.0,4565.12346201177,0.0,0.0,107,0.0366941015089163,940.1013668
Shire of Indigo,0.0,14057.84925181001,0.0,0.0,202,0.021105422630864,1029.417236
Shire of Loddon,0.0,6371.733134351878,0.0,0.0,147,0.0402519167579408,948.1040223
Shire of Moyne,0.0,13797.11171991639,0.0,0.0,125,0.0127317172540232,1028.978572
Shire of Pyrenees,0.0,6394.974139557322,0.0,0.0,184,0.0533178788756882,958.6908796
Shire of West Wimmera,0.0,3164.891613415179,0.0,0.0,64,0.0292504570383912,991.0072971
Shire of Yarriambiack,0.0,5183.613840300105,0.0,0.0,130,0.040867651681861,945.9260556
